movie_title,movie_imdb_link,country,budget,gross,foreign_currency
Metropolis ,http://www.imdb.com/title/tt0017136/?ref_=fn_tt_tt_1,Germany,budget,gross,foreign_currency
Seven Samurai ,http://www.imdb.com/title/tt0047478/?ref_=fn_tt_tt_1,Japan,budget,gross,foreign_currency
The Bridge on the River Kwai ,http://www.imdb.com/title/tt0050212/?ref_=fn_tt_tt_1,UK,budget,gross,foreign_currency
Dr. No ,http://www.imdb.com/title/tt0055928/?ref_=fn_tt_tt_1,UK,budget,gross,foreign_currency
Lawrence of Arabia ,http://www.imdb.com/title/tt0056172/?ref_=fn_tt_tt_1,UK,budget,gross,foreign_currency
Cleopatra ,http://www.imdb.com/title/tt0056937/?ref_=fn_tt_tt_1,UK,budget,gross,foreign_currency
From Russia with Love ,http://www.imdb.com/title/tt0057076/?ref_=fn_tt_tt_1,UK,budget,gross,foreign_currency
Goldfinger ,http://www.imdb.com/title/tt0058150/?ref_=fn_tt_tt_1,UK,budget,gross,foreign_currency
A Hard Day's Night ,http://www.imdb.com/title/tt0058182/?ref_=fn_tt_tt_1,UK,budget,gross,foreign_currency
A Fistful of Dollars ,http://www.imdb.com/title/tt0058461/?ref_=fn_tt_tt_1,Italy,budget,gross,foreign_currency
Thunderball ,http://www.imdb.com/title/tt0059800/?ref_=fn_tt_tt_1,UK,budget,gross,foreign_currency
The Good the Bad and the Ugly,http://www.imdb.com/title/tt0060196/?ref_=fn_tt_tt_1,Italy,budget,gross,foreign_currency
You Only Live Twice ,http://www.imdb.com/title/tt0062512/?ref_=fn_tt_tt_1,UK,budget,gross,foreign_currency
2001: A Space Odyssey ,http://www.imdb.com/title/tt0062622/?ref_=fn_tt_tt_1,UK,budget,gross,foreign_currency
Oliver! ,http://www.imdb.com/title/tt0063385/?ref_=fn_tt_tt_1,UK,budget,gross,foreign_currency
On Her Majesty's Secret Service ,http://www.imdb.com/title/tt0064757/?ref_=fn_tt_tt_1,UK,budget,gross,foreign_currency
Mississippi Mermaid ,http://www.imdb.com/title/tt0064990/?ref_=fn_tt_tt_1,France,budget,gross,foreign_currency
Tora! Tora! Tora! ,http://www.imdb.com/title/tt0066473/?ref_=fn_tt_tt_1,Japan,budget,gross,foreign_currency
Diamonds Are Forever ,http://www.imdb.com/title/tt0066995/?ref_=fn_tt_tt_1,UK,budget,gross,foreign_currency
Live and Let Die ,http://www.imdb.com/title/tt0070328/?ref_=fn_tt_tt_1,UK,budget,gross,foreign_currency
The Man with the Golden Gun ,http://www.imdb.com/title/tt0071807/?ref_=fn_tt_tt_1,UK,budget,gross,foreign_currency
Monty Python and the Holy Grail ,http://www.imdb.com/title/tt0071853/?ref_=fn_tt_tt_1,UK,budget,gross,foreign_currency
March or Die ,http://www.imdb.com/title/tt0076175/?ref_=fn_tt_tt_1,UK,budget,gross,foreign_currency
The Spy Who Loved Me ,http://www.imdb.com/title/tt0076752/?ref_=fn_tt_tt_1,UK,budget,gross,foreign_currency
Caravans ,http://www.imdb.com/title/tt0077296/?ref_=fn_tt_tt_1,Iran,budget,gross,foreign_currency
Alien ,http://www.imdb.com/title/tt0078748/?ref_=fn_tt_tt_1,UK,budget,gross,foreign_currency
Moonraker ,http://www.imdb.com/title/tt0079574/?ref_=fn_tt_tt_1,UK,budget,gross,foreign_currency
Raise the Titanic ,http://www.imdb.com/title/tt0081400/?ref_=fn_tt_tt_1,UK,budget,gross,foreign_currency
Time Bandits ,http://www.imdb.com/title/tt0081633/?ref_=fn_tt_tt_1,UK,budget,gross,foreign_currency
Das Boot ,http://www.imdb.com/title/tt0082096/?ref_=fn_tt_tt_1,West Germany,budget,gross,foreign_currency
Chariots of Fire ,http://www.imdb.com/title/tt0082158/?ref_=fn_tt_tt_1,UK,budget,gross,foreign_currency
The Beyond ,http://www.imdb.com/title/tt0082307/?ref_=fn_tt_tt_1,Italy,budget,gross,foreign_currency
Escape from New York ,http://www.imdb.com/title/tt0082340/?ref_=fn_tt_tt_1,UK,budget,gross,foreign_currency
For Your Eyes Only ,http://www.imdb.com/title/tt0082398/?ref_=fn_tt_tt_1,UK,budget,gross,foreign_currency
Mad Max 2: The Road Warrior ,http://www.imdb.com/title/tt0082694/?ref_=fn_tt_tt_1,Australia,budget,gross,foreign_currency
Porky's ,http://www.imdb.com/title/tt0084522/?ref_=fn_tt_tt_1,Canada,budget,gross,foreign_currency
Never Say Never Again ,http://www.imdb.com/title/tt0086006/?ref_=fn_tt_tt_1,UK,budget,gross,foreign_currency
Octopussy ,http://www.imdb.com/title/tt0086034/?ref_=fn_tt_tt_1,UK,budget,gross,foreign_currency
Superman III ,http://www.imdb.com/title/tt0086393/?ref_=fn_tt_tt_1,UK,budget,gross,foreign_currency
Yentl ,http://www.imdb.com/title/tt0086619/?ref_=fn_tt_tt_1,UK,budget,gross,foreign_currency
The Bounty ,http://www.imdb.com/title/tt0086993/?ref_=fn_tt_tt_1,UK,budget,gross,foreign_currency
The Hotel New Hampshire ,http://www.imdb.com/title/tt0087428/?ref_=fn_tt_tt_1,UK,budget,gross,foreign_currency
Once Upon a Time in America ,http://www.imdb.com/title/tt0087843/?ref_=fn_tt_tt_1,Italy,budget,gross,foreign_currency
A Passage to India ,http://www.imdb.com/title/tt0087892/?ref_=fn_tt_tt_1,UK,budget,gross,foreign_currency
The Terminator ,http://www.imdb.com/title/tt0088247/?ref_=fn_tt_tt_1,UK,budget,gross,foreign_currency
Brazil ,http://www.imdb.com/title/tt0088846/?ref_=fn_tt_tt_1,UK,budget,gross,foreign_currency
Mad Max Beyond Thunderdome ,http://www.imdb.com/title/tt0089530/?ref_=fn_tt_tt_1,Australia,budget,gross,foreign_currency
A View to a Kill ,http://www.imdb.com/title/tt0090264/?ref_=fn_tt_tt_1,UK,budget,gross,foreign_currency
Witchboard ,http://www.imdb.com/title/tt0090327/?ref_=fn_tt_tt_1,UK,budget,gross,foreign_currency
Crocodile Dundee ,http://www.imdb.com/title/tt0090555/?ref_=fn_tt_tt_1,Australia,budget,gross,foreign_currency
Highlander ,http://www.imdb.com/title/tt0091203/?ref_=fn_tt_tt_1,UK,budget,gross,foreign_currency
Platoon ,http://www.imdb.com/title/tt0091763/?ref_=fn_tt_tt_1,UK,budget,gross,foreign_currency
A Room with a View ,http://www.imdb.com/title/tt0091867/?ref_=fn_tt_tt_1,UK,budget,gross,foreign_currency
Shanghai Surprise ,http://www.imdb.com/title/tt0091934/?ref_=fn_tt_tt_1,UK,budget,gross,foreign_currency
Crocodile Dundee II ,http://www.imdb.com/title/tt0092493/?ref_=fn_tt_tt_1,Australia,budget,gross,foreign_currency
Cry Freedom ,http://www.imdb.com/title/tt0092804/?ref_=fn_tt_tt_1,UK,budget,gross,foreign_currency
Hellraiser ,http://www.imdb.com/title/tt0093177/?ref_=fn_tt_tt_1,UK,budget,gross,foreign_currency
The Last Emperor ,http://www.imdb.com/title/tt0093389/?ref_=fn_tt_tt_1,China,budget,gross,foreign_currency
The Living Daylights ,http://www.imdb.com/title/tt0093428/?ref_=fn_tt_tt_1,UK,budget,gross,foreign_currency
Maurice ,http://www.imdb.com/title/tt0093512/?ref_=fn_tt_tt_1,UK,budget,gross,foreign_currency
Superman IV: The Quest for Peace ,http://www.imdb.com/title/tt0094074/?ref_=fn_tt_tt_1,UK,budget,gross,foreign_currency
Akira ,http://www.imdb.com/title/tt0094625/?ref_=fn_tt_tt_1,Japan,budget,gross,foreign_currency
The Blood of Heroes ,http://www.imdb.com/title/tt0094764/?ref_=fn_tt_tt_1,Australia,budget,gross,foreign_currency
Henry V ,http://www.imdb.com/title/tt0097499/?ref_=fn_tt_tt_1,UK,budget,gross,foreign_currency
Licence to Kill ,http://www.imdb.com/title/tt0097742/?ref_=fn_tt_tt_1,UK,budget,gross,foreign_currency
Two Evil Eyes ,http://www.imdb.com/title/tt0100827/?ref_=fn_tt_tt_1,Italy,budget,gross,foreign_currency
JFK ,http://www.imdb.com/title/tt0102138/?ref_=fn_tt_tt_1,France,budget,gross,foreign_currency
Quigley Down Under ,http://www.imdb.com/title/tt0102744/?ref_=fn_tt_tt_1,Australia,budget,gross,foreign_currency
The Crying Game ,http://www.imdb.com/title/tt0104036/?ref_=fn_tt_tt_1,UK,budget,gross,foreign_currency
The Lawnmower Man ,http://www.imdb.com/title/tt0104692/?ref_=fn_tt_tt_1,UK,budget,gross,foreign_currency
Split Second ,http://www.imdb.com/title/tt0105459/?ref_=fn_tt_tt_1,UK,budget,gross,foreign_currency
Fortress ,http://www.imdb.com/title/tt0106950/?ref_=fn_tt_tt_1,Australia,budget,gross,foreign_currency
Much Ado About Nothing ,http://www.imdb.com/title/tt0107616/?ref_=fn_tt_tt_1,UK,budget,gross,foreign_currency
The Piano ,http://www.imdb.com/title/tt0107822/?ref_=fn_tt_tt_1,New Zealand,budget,gross,foreign_currency
The Remains of the Day ,http://www.imdb.com/title/tt0107943/?ref_=fn_tt_tt_1,UK,budget,gross,foreign_currency
Romeo Is Bleeding ,http://www.imdb.com/title/tt0107983/?ref_=fn_tt_tt_1,UK,budget,gross,foreign_currency
Shadowlands ,http://www.imdb.com/title/tt0108101/?ref_=fn_tt_tt_1,UK,budget,gross,foreign_currency
Super Mario Bros. ,http://www.imdb.com/title/tt0108255/?ref_=fn_tt_tt_1,UK,budget,gross,foreign_currency
Les visiteurs ,http://www.imdb.com/title/tt0108500/?ref_=fn_tt_tt_1,France,budget,gross,foreign_currency
Exotica ,http://www.imdb.com/title/tt0109759/?ref_=fn_tt_tt_1,Canada,budget,gross,foreign_currency
Four Weddings and a Funeral ,http://www.imdb.com/title/tt0109831/?ref_=fn_tt_tt_1,UK,budget,gross,foreign_currency
Heavenly Creatures ,http://www.imdb.com/title/tt0110005/?ref_=fn_tt_tt_1,New Zealand,budget,gross,foreign_currency
Highlander: The Final Dimension ,http://www.imdb.com/title/tt0110027/?ref_=fn_tt_tt_1,Canada,budget,gross,foreign_currency
The Hudsucker Proxy ,http://www.imdb.com/title/tt0110074/?ref_=fn_tt_tt_1,UK,budget,gross,foreign_currency
Killing Zoe ,http://www.imdb.com/title/tt0110265/?ref_=fn_tt_tt_1,France,budget,gross,foreign_currency
The Specialist ,http://www.imdb.com/title/tt0111255/?ref_=fn_tt_tt_1,Peru,budget,gross,foreign_currency
Street Fighter ,http://www.imdb.com/title/tt0111301/?ref_=fn_tt_tt_1,Japan,budget,gross,foreign_currency
Timecop ,http://www.imdb.com/title/tt0111438/?ref_=fn_tt_tt_1,Canada,budget,gross,foreign_currency
The Legend of Drunken Master ,http://www.imdb.com/title/tt0111512/?ref_=fn_tt_tt_1,Hong Kong,budget,gross,foreign_currency
The Princess and the Cobbler ,http://www.imdb.com/title/tt0112389/?ref_=fn_tt_tt_1,UK,budget,gross,foreign_currency
Assassins ,http://www.imdb.com/title/tt0112401/?ref_=fn_tt_tt_1,France,budget,gross,foreign_currency
Babe ,http://www.imdb.com/title/tt0112431/?ref_=fn_tt_tt_1,Australia,budget,gross,foreign_currency
Dead Man Walking ,http://www.imdb.com/title/tt0112818/?ref_=fn_tt_tt_1,UK,budget,gross,foreign_currency
GoldenEye ,http://www.imdb.com/title/tt0113189/?ref_=fn_tt_tt_1,UK,budget,gross,foreign_currency
Rumble in the Bronx ,http://www.imdb.com/title/tt0113326/?ref_=fn_tt_tt_1,Hong Kong,budget,gross,foreign_currency
Jefferson in Paris ,http://www.imdb.com/title/tt0113463/?ref_=fn_tt_tt_1,France,budget,gross,foreign_currency
The Quick and the Dead ,http://www.imdb.com/title/tt0114214/?ref_=fn_tt_tt_1,Japan,budget,gross,foreign_currency
Richard III ,http://www.imdb.com/title/tt0114279/?ref_=fn_tt_tt_1,UK,budget,gross,foreign_currency
Showgirls ,http://www.imdb.com/title/tt0114436/?ref_=fn_tt_tt_1,France,budget,gross,foreign_currency
The Adventures of Pinocchio ,http://www.imdb.com/title/tt0115472/?ref_=fn_tt_tt_1,UK,budget,gross,foreign_currency
When the Cat's Away ,http://www.imdb.com/title/tt0115856/?ref_=fn_tt_tt_1,France,budget,gross,foreign_currency
Hamlet ,http://www.imdb.com/title/tt0116477/?ref_=fn_tt_tt_1,UK,budget,gross,foreign_currency
Kansas City ,http://www.imdb.com/title/tt0116745/?ref_=fn_tt_tt_1,France,budget,gross,foreign_currency
Michael Collins ,http://www.imdb.com/title/tt0117039/?ref_=fn_tt_tt_1,UK,budget,gross,foreign_currency
The Phantom ,http://www.imdb.com/title/tt0117331/?ref_=fn_tt_tt_1,Australia,budget,gross,foreign_currency
Shine ,http://www.imdb.com/title/tt0117631/?ref_=fn_tt_tt_1,Australia,budget,gross,foreign_currency
Trainspotting ,http://www.imdb.com/title/tt0117951/?ref_=fn_tt_tt_1,UK,budget,gross,foreign_currency
Walking and Talking ,http://www.imdb.com/title/tt0118113/?ref_=fn_tt_tt_1,UK,budget,gross,foreign_currency
The Borrowers ,http://www.imdb.com/title/tt0118755/?ref_=fn_tt_tt_1,UK,budget,gross,foreign_currency
Children of Heaven ,http://www.imdb.com/title/tt0118849/?ref_=fn_tt_tt_1,Iran,budget,gross,foreign_currency
Clay Pigeons ,http://www.imdb.com/title/tt0118863/?ref_=fn_tt_tt_1,Germany,budget,gross,foreign_currency
Critical Care ,http://www.imdb.com/title/tt0118901/?ref_=fn_tt_tt_1,Australia,budget,gross,foreign_currency
Dark City ,http://www.imdb.com/title/tt0118929/?ref_=fn_tt_tt_1,Australia,budget,gross,foreign_currency
Event Horizon ,http://www.imdb.com/title/tt0119081/?ref_=fn_tt_tt_1,UK,budget,gross,foreign_currency
The Fifth Element ,http://www.imdb.com/title/tt0119116/?ref_=fn_tt_tt_1,France,budget,gross,foreign_currency
The Full Monty ,http://www.imdb.com/title/tt0119164/?ref_=fn_tt_tt_1,UK,budget,gross,foreign_currency
In the Company of Men ,http://www.imdb.com/title/tt0119361/?ref_=fn_tt_tt_1,Canada,budget,gross,foreign_currency
Character ,http://www.imdb.com/title/tt0119448/?ref_=fn_tt_tt_1,Netherlands,budget,gross,foreign_currency
Princess Mononoke ,http://www.imdb.com/title/tt0119698/?ref_=fn_tt_tt_1,Japan,budget,gross,foreign_currency
Primary Colors ,http://www.imdb.com/title/tt0119942/?ref_=fn_tt_tt_1,France,budget,gross,foreign_currency
The Relic ,http://www.imdb.com/title/tt0120004/?ref_=fn_tt_tt_1,UK,budget,gross,foreign_currency
Shooting Fish ,http://www.imdb.com/title/tt0120122/?ref_=fn_tt_tt_1,UK,budget,gross,foreign_currency
Sliding Doors ,http://www.imdb.com/title/tt0120148/?ref_=fn_tt_tt_1,UK,budget,gross,foreign_currency
Smilla's Sense of Snow ,http://www.imdb.com/title/tt0120152/?ref_=fn_tt_tt_1,Denmark,budget,gross,foreign_currency
Soldier ,http://www.imdb.com/title/tt0120157/?ref_=fn_tt_tt_1,UK,budget,gross,foreign_currency
Spice World ,http://www.imdb.com/title/tt0120185/?ref_=fn_tt_tt_1,UK,budget,gross,foreign_currency
The Sweet Hereafter ,http://www.imdb.com/title/tt0120255/?ref_=fn_tt_tt_1,Canada,budget,gross,foreign_currency
Tango ,http://www.imdb.com/title/tt0120274/?ref_=fn_tt_tt_1,Spain,budget,gross,foreign_currency
Smoke Signals ,http://www.imdb.com/title/tt0120321/?ref_=fn_tt_tt_1,Canada,budget,gross,foreign_currency
A Simple Plan ,http://www.imdb.com/title/tt0120324/?ref_=fn_tt_tt_1,UK,budget,gross,foreign_currency
Tomorrow Never Dies ,http://www.imdb.com/title/tt0120347/?ref_=fn_tt_tt_1,UK,budget,gross,foreign_currency
Babe: Pig in the City ,http://www.imdb.com/title/tt0120595/?ref_=fn_tt_tt_1,Australia,budget,gross,foreign_currency
Barney's Great Adventure ,http://www.imdb.com/title/tt0120598/?ref_=fn_tt_tt_1,Canada,budget,gross,foreign_currency
Chicken Run ,http://www.imdb.com/title/tt0120630/?ref_=fn_tt_tt_1,UK,budget,gross,foreign_currency
City of Angels ,http://www.imdb.com/title/tt0120632/?ref_=fn_tt_tt_1,Germany,budget,gross,foreign_currency
Dirty Work ,http://www.imdb.com/title/tt0120654/?ref_=fn_tt_tt_1,Canada,budget,gross,foreign_currency
Eye of the Beholder ,http://www.imdb.com/title/tt0120662/?ref_=fn_tt_tt_1,Canada,budget,gross,foreign_currency
Eyes Wide Shut ,http://www.imdb.com/title/tt0120663/?ref_=fn_tt_tt_1,UK,budget,gross,foreign_currency
Jakob the Liar ,http://www.imdb.com/title/tt0120716/?ref_=fn_tt_tt_1,France,budget,gross,foreign_currency
Knock Off ,http://www.imdb.com/title/tt0120724/?ref_=fn_tt_tt_1,Aruba,budget,gross,foreign_currency
Lock Stock and Two Smoking Barrels,http://www.imdb.com/title/tt0120735/?ref_=fn_tt_tt_1,UK,budget,gross,foreign_currency
The Lord of the Rings: The Fellowship of the Ring ,http://www.imdb.com/title/tt0120737/?ref_=fn_tt_tt_1,New Zealand,budget,gross,foreign_currency
The Negotiator ,http://www.imdb.com/title/tt0120768/?ref_=fn_tt_tt_1,Germany,budget,gross,foreign_currency
One Man's Hero ,http://www.imdb.com/title/tt0120775/?ref_=fn_tt_tt_1,Spain,budget,gross,foreign_currency
The Red Violin ,http://www.imdb.com/title/tt0120802/?ref_=fn_tt_tt_1,Canada,budget,gross,foreign_currency
Resident Evil ,http://www.imdb.com/title/tt0120804/?ref_=fn_tt_tt_1,UK,budget,gross,foreign_currency
Tea with Mussolini ,http://www.imdb.com/title/tt0120857/?ref_=fn_tt_tt_1,Italy,budget,gross,foreign_currency
eXistenZ ,http://www.imdb.com/title/tt0120907/?ref_=fn_tt_tt_1,Canada,budget,gross,foreign_currency
An Ideal Husband ,http://www.imdb.com/title/tt0122541/?ref_=fn_tt_tt_1,UK,budget,gross,foreign_currency
Ronin ,http://www.imdb.com/title/tt0122690/?ref_=fn_tt_tt_1,UK,budget,gross,foreign_currency
Cube ,http://www.imdb.com/title/tt0123755/?ref_=fn_tt_tt_1,Canada,budget,gross,foreign_currency
Notting Hill ,http://www.imdb.com/title/tt0125439/?ref_=fn_tt_tt_1,UK,budget,gross,foreign_currency
Man on the Moon ,http://www.imdb.com/title/tt0125664/?ref_=fn_tt_tt_1,UK,budget,gross,foreign_currency
Elizabeth ,http://www.imdb.com/title/tt0127536/?ref_=fn_tt_tt_1,UK,budget,gross,foreign_currency
Ravenous ,http://www.imdb.com/title/tt0129332/?ref_=fn_tt_tt_1,Czech Republic,budget,gross,foreign_currency
Mickey Blue Eyes ,http://www.imdb.com/title/tt0130121/?ref_=fn_tt_tt_1,UK,budget,gross,foreign_currency
Run Lola Run ,http://www.imdb.com/title/tt0130827/?ref_=fn_tt_tt_1,Germany,budget,gross,foreign_currency
8MM ,http://www.imdb.com/title/tt0134273/?ref_=fn_tt_tt_1,Germany,budget,gross,foreign_currency
Mystery Alaska,http://www.imdb.com/title/tt0134618/?ref_=fn_tt_tt_1,Canada,budget,gross,foreign_currency
Disturbing Behavior ,http://www.imdb.com/title/tt0134619/?ref_=fn_tt_tt_1,Australia,budget,gross,foreign_currency
The Thirteenth Floor ,http://www.imdb.com/title/tt0139809/?ref_=fn_tt_tt_1,Germany,budget,gross,foreign_currency
Central Station ,http://www.imdb.com/title/tt0140888/?ref_=fn_tt_tt_1,Brazil,budget,gross,foreign_currency
U-571 ,http://www.imdb.com/title/tt0141926/?ref_=fn_tt_tt_1,France,budget,gross,foreign_currency
The Ninth Gate ,http://www.imdb.com/title/tt0142688/?ref_=fn_tt_tt_1,Spain,budget,gross,foreign_currency
The World Is Not Enough ,http://www.imdb.com/title/tt0143145/?ref_=fn_tt_tt_1,UK,budget,gross,foreign_currency
Bride of Chucky ,http://www.imdb.com/title/tt0144120/?ref_=fn_tt_tt_1,Canada,budget,gross,foreign_currency
Dick ,http://www.imdb.com/title/tt0144168/?ref_=fn_tt_tt_1,France,budget,gross,foreign_currency
Three to Tango ,http://www.imdb.com/title/tt0144640/?ref_=fn_tt_tt_1,Australia,budget,gross,foreign_currency
Simply Irresistible ,http://www.imdb.com/title/tt0145893/?ref_=fn_tt_tt_1,Germany,budget,gross,foreign_currency
High Fidelity ,http://www.imdb.com/title/tt0146882/?ref_=fn_tt_tt_1,UK,budget,gross,foreign_currency
The Messenger: The Story of Joan of Arc ,http://www.imdb.com/title/tt0151137/?ref_=fn_tt_tt_1,France,budget,gross,foreign_currency
Topsy-Turvy ,http://www.imdb.com/title/tt0151568/?ref_=fn_tt_tt_1,UK,budget,gross,foreign_currency
The Celebration ,http://www.imdb.com/title/tt0154420/?ref_=fn_tt_tt_1,Denmark,budget,gross,foreign_currency
The Big Tease ,http://www.imdb.com/title/tt0156639/?ref_=fn_tt_tt_1,UK,budget,gross,foreign_currency
Drop Dead Gorgeous ,http://www.imdb.com/title/tt0157503/?ref_=fn_tt_tt_1,Germany,budget,gross,foreign_currency
Deterrence ,http://www.imdb.com/title/tt0158583/?ref_=fn_tt_tt_1,France,budget,gross,foreign_currency
Nowhere in Africa ,http://www.imdb.com/title/tt0161860/?ref_=fn_tt_tt_1,Germany,budget,gross,foreign_currency
Shaft ,http://www.imdb.com/title/tt0162650/?ref_=fn_tt_tt_1,Germany,budget,gross,foreign_currency
Hanging Up ,http://www.imdb.com/title/tt0162983/?ref_=fn_tt_tt_1,Germany,budget,gross,foreign_currency
Stuart Little ,http://www.imdb.com/title/tt0164912/?ref_=fn_tt_tt_1,Germany,budget,gross,foreign_currency
East Is East ,http://www.imdb.com/title/tt0166175/?ref_=fn_tt_tt_1,UK,budget,gross,foreign_currency
Waking Ned Devine ,http://www.imdb.com/title/tt0166396/?ref_=fn_tt_tt_1,UK,budget,gross,foreign_currency
The Straight Story ,http://www.imdb.com/title/tt0166896/?ref_=fn_tt_tt_1,France,budget,gross,foreign_currency
Mulholland Drive ,http://www.imdb.com/title/tt0166924/?ref_=fn_tt_tt_1,France,budget,gross,foreign_currency
Thunderbirds ,http://www.imdb.com/title/tt0167456/?ref_=fn_tt_tt_1,UK,budget,gross,foreign_currency
Dancer in the Dark ,http://www.imdb.com/title/tt0168629/?ref_=fn_tt_tt_1,Denmark,budget,gross,foreign_currency
Nurse Betty ,http://www.imdb.com/title/tt0171580/?ref_=fn_tt_tt_1,Germany,budget,gross,foreign_currency
The End of the Affair ,http://www.imdb.com/title/tt0172396/?ref_=fn_tt_tt_1,UK,budget,gross,foreign_currency
Cecil B. DeMented ,http://www.imdb.com/title/tt0173716/?ref_=fn_tt_tt_1,France,budget,gross,foreign_currency
La otra conquista ,http://www.imdb.com/title/tt0175996/?ref_=fn_tt_tt_1,Mexico,budget,gross,foreign_currency
Quills ,http://www.imdb.com/title/tt0180073/?ref_=fn_tt_tt_1,UK,budget,gross,foreign_currency
Anatomy ,http://www.imdb.com/title/tt0187696/?ref_=fn_tt_tt_1,Germany,budget,gross,foreign_currency
Birthday Girl ,http://www.imdb.com/title/tt0188453/?ref_=fn_tt_tt_1,UK,budget,gross,foreign_currency
Godzilla 2000 ,http://www.imdb.com/title/tt0188640/?ref_=fn_tt_tt_1,Japan,budget,gross,foreign_currency
Human Traffic ,http://www.imdb.com/title/tt0188674/?ref_=fn_tt_tt_1,UK,budget,gross,foreign_currency
Just Visiting ,http://www.imdb.com/title/tt0189192/?ref_=fn_tt_tt_1,France,budget,gross,foreign_currency
Shadow of the Vampire ,http://www.imdb.com/title/tt0189998/?ref_=fn_tt_tt_1,UK,budget,gross,foreign_currency
Crouching Tiger Hidden Dragon,http://www.imdb.com/title/tt0190332/?ref_=fn_tt_tt_1,Taiwan,budget,gross,foreign_currency
O Brother Where Art Thou?,http://www.imdb.com/title/tt0190590/?ref_=fn_tt_tt_1,UK,budget,gross,foreign_currency
The Widow of Saint-Pierre ,http://www.imdb.com/title/tt0191636/?ref_=fn_tt_tt_1,France,budget,gross,foreign_currency
The Little Vampire ,http://www.imdb.com/title/tt0192255/?ref_=fn_tt_tt_1,Germany,budget,gross,foreign_currency
Zoolander ,http://www.imdb.com/title/tt0196229/?ref_=fn_tt_tt_1,Germany,budget,gross,foreign_currency
In the Cut ,http://www.imdb.com/title/tt0199626/?ref_=fn_tt_tt_1,Australia,budget,gross,foreign_currency
The Bank Job ,http://www.imdb.com/title/tt0200465/?ref_=fn_tt_tt_1,UK,budget,gross,foreign_currency
The House of Mirth ,http://www.imdb.com/title/tt0200720/?ref_=fn_tt_tt_1,UK,budget,gross,foreign_currency
Thomas and the Magic Railroad ,http://www.imdb.com/title/tt0205461/?ref_=fn_tt_tt_1,UK,budget,gross,foreign_currency
Psycho Beach Party ,http://www.imdb.com/title/tt0206226/?ref_=fn_tt_tt_1,Australia,budget,gross,foreign_currency
Snatch ,http://www.imdb.com/title/tt0208092/?ref_=fn_tt_tt_1,UK,budget,gross,foreign_currency
The Wedding Planner ,http://www.imdb.com/title/tt0209475/?ref_=fn_tt_tt_1,Germany,budget,gross,foreign_currency
Amélie ,http://www.imdb.com/title/tt0211915/?ref_=fn_tt_tt_1,France,budget,gross,foreign_currency
2046 ,http://www.imdb.com/title/tt0212712/?ref_=fn_tt_tt_1,Hong Kong,budget,gross,foreign_currency
Rugrats in Paris: The Movie ,http://www.imdb.com/title/tt0213203/?ref_=fn_tt_tt_1,Germany,budget,gross,foreign_currency
The Claim ,http://www.imdb.com/title/tt0218378/?ref_=fn_tt_tt_1,UK,budget,gross,foreign_currency
Original Sin ,http://www.imdb.com/title/tt0218922/?ref_=fn_tt_tt_1,France,budget,gross,foreign_currency
Lucky Numbers ,http://www.imdb.com/title/tt0219952/?ref_=fn_tt_tt_1,France,budget,gross,foreign_currency
Formula 51 ,http://www.imdb.com/title/tt0227984/?ref_=fn_tt_tt_1,UK,budget,gross,foreign_currency
Crocodile Dundee in Los Angeles ,http://www.imdb.com/title/tt0231402/?ref_=fn_tt_tt_1,Australia,budget,gross,foreign_currency
Josie and the Pussycats ,http://www.imdb.com/title/tt0236348/?ref_=fn_tt_tt_1,Canada,budget,gross,foreign_currency
Captain Corelli's Mandolin ,http://www.imdb.com/title/tt0238112/?ref_=fn_tt_tt_1,UK,budget,gross,foreign_currency
The Four Feathers ,http://www.imdb.com/title/tt0240510/?ref_=fn_tt_tt_1,UK,budget,gross,foreign_currency
Slackers ,http://www.imdb.com/title/tt0240900/?ref_=fn_tt_tt_1,Canada,budget,gross,foreign_currency
Chocolat ,http://www.imdb.com/title/tt0241303/?ref_=fn_tt_tt_1,UK,budget,gross,foreign_currency
Harry Potter and the Sorcerer's Stone ,http://www.imdb.com/title/tt0241527/?ref_=fn_tt_tt_1,UK,budget,gross,foreign_currency
The Matrix Revolutions ,http://www.imdb.com/title/tt0242653/?ref_=fn_tt_tt_1,Australia,budget,gross,foreign_currency
Bridget Jones's Diary ,http://www.imdb.com/title/tt0243155/?ref_=fn_tt_tt_1,UK,budget,gross,foreign_currency
Spirited Away ,http://www.imdb.com/title/tt0245429/?ref_=fn_tt_tt_1,Japan,budget,gross,foreign_currency
Y Tu Mamá También ,http://www.imdb.com/title/tt0245574/?ref_=fn_tt_tt_1,Mexico,budget,gross,foreign_currency
Amores Perros ,http://www.imdb.com/title/tt0245712/?ref_=fn_tt_tt_1,Mexico,budget,gross,foreign_currency
The Count of Monte Cristo ,http://www.imdb.com/title/tt0245844/?ref_=fn_tt_tt_1,UK,budget,gross,foreign_currency
Lucky Break ,http://www.imdb.com/title/tt0246134/?ref_=fn_tt_tt_1,UK,budget,gross,foreign_currency
Die Another Day ,http://www.imdb.com/title/tt0246460/?ref_=fn_tt_tt_1,UK,budget,gross,foreign_currency
The Musketeer ,http://www.imdb.com/title/tt0246544/?ref_=fn_tt_tt_1,Germany,budget,gross,foreign_currency
Nine Queens ,http://www.imdb.com/title/tt0247586/?ref_=fn_tt_tt_1,Argentina,budget,gross,foreign_currency
Billy Elliot ,http://www.imdb.com/title/tt0249462/?ref_=fn_tt_tt_1,UK,budget,gross,foreign_currency
Rat Race ,http://www.imdb.com/title/tt0250687/?ref_=fn_tt_tt_1,Canada,budget,gross,foreign_currency
All the Queen's Men ,http://www.imdb.com/title/tt0252223/?ref_=fn_tt_tt_1,Germany,budget,gross,foreign_currency
Buffalo Soldiers ,http://www.imdb.com/title/tt0252299/?ref_=fn_tt_tt_1,UK,budget,gross,foreign_currency
Rabbit-Proof Fence ,http://www.imdb.com/title/tt0252444/?ref_=fn_tt_tt_1,Australia,budget,gross,foreign_currency
High Heels and Low Lifes ,http://www.imdb.com/title/tt0253126/?ref_=fn_tt_tt_1,UK,budget,gross,foreign_currency
Last Orders ,http://www.imdb.com/title/tt0253200/?ref_=fn_tt_tt_1,UK,budget,gross,foreign_currency
The Pianist ,http://www.imdb.com/title/tt0253474/?ref_=fn_tt_tt_1,France,budget,gross,foreign_currency
The Circle ,http://www.imdb.com/title/tt0255094/?ref_=fn_tt_tt_1,Iran,budget,gross,foreign_currency
The Quiet American ,http://www.imdb.com/title/tt0258068/?ref_=fn_tt_tt_1,UK,budget,gross,foreign_currency
Serving Sara ,http://www.imdb.com/title/tt0261289/?ref_=fn_tt_tt_1,Germany,budget,gross,foreign_currency
Jeepers Creepers ,http://www.imdb.com/title/tt0263488/?ref_=fn_tt_tt_1,Germany,budget,gross,foreign_currency
Men with Brooms ,http://www.imdb.com/title/tt0263734/?ref_=fn_tt_tt_1,Canada,budget,gross,foreign_currency
Basic ,http://www.imdb.com/title/tt0264395/?ref_=fn_tt_tt_1,Germany,budget,gross,foreign_currency
Monsoon Wedding ,http://www.imdb.com/title/tt0265343/?ref_=fn_tt_tt_1,India,budget,gross,foreign_currency
Death to Smoochy ,http://www.imdb.com/title/tt0266452/?ref_=fn_tt_tt_1,UK,budget,gross,foreign_currency
Spy Game ,http://www.imdb.com/title/tt0266987/?ref_=fn_tt_tt_1,Germany,budget,gross,foreign_currency
K-19: The Widowmaker ,http://www.imdb.com/title/tt0267626/?ref_=fn_tt_tt_1,UK,budget,gross,foreign_currency
Superbabies: Baby Geniuses 2 ,http://www.imdb.com/title/tt0270846/?ref_=fn_tt_tt_1,Germany,budget,gross,foreign_currency
Kiss of the Dragon ,http://www.imdb.com/title/tt0271027/?ref_=fn_tt_tt_1,France,budget,gross,foreign_currency
Johnny English ,http://www.imdb.com/title/tt0274166/?ref_=fn_tt_tt_1,UK,budget,gross,foreign_currency
About a Boy ,http://www.imdb.com/title/tt0276751/?ref_=fn_tt_tt_1,UK,budget,gross,foreign_currency
The Importance of Being Earnest ,http://www.imdb.com/title/tt0278500/?ref_=fn_tt_tt_1,UK,budget,gross,foreign_currency
Spider ,http://www.imdb.com/title/tt0278731/?ref_=fn_tt_tt_1,Canada,budget,gross,foreign_currency
Elling ,http://www.imdb.com/title/tt0279064/?ref_=fn_tt_tt_1,Norway,budget,gross,foreign_currency
Bloody Sunday ,http://www.imdb.com/title/tt0280491/?ref_=fn_tt_tt_1,UK,budget,gross,foreign_currency
Amen. ,http://www.imdb.com/title/tt0280653/?ref_=fn_tt_tt_1,France,budget,gross,foreign_currency
Femme Fatale ,http://www.imdb.com/title/tt0280665/?ref_=fn_tt_tt_1,France,budget,gross,foreign_currency
Gosford Park ,http://www.imdb.com/title/tt0280707/?ref_=fn_tt_tt_1,UK,budget,gross,foreign_currency
The Guru ,http://www.imdb.com/title/tt0280720/?ref_=fn_tt_tt_1,UK,budget,gross,foreign_currency
Iris ,http://www.imdb.com/title/tt0280778/?ref_=fn_tt_tt_1,UK,budget,gross,foreign_currency
Wasabi ,http://www.imdb.com/title/tt0281364/?ref_=fn_tt_tt_1,France,budget,gross,foreign_currency
Snow Dogs ,http://www.imdb.com/title/tt0281373/?ref_=fn_tt_tt_1,Canada,budget,gross,foreign_currency
The Good Thief ,http://www.imdb.com/title/tt0281820/?ref_=fn_tt_tt_1,France,budget,gross,foreign_currency
Van Wilder: Party Liaison ,http://www.imdb.com/title/tt0283111/?ref_=fn_tt_tt_1,Germany,budget,gross,foreign_currency
Extreme Ops ,http://www.imdb.com/title/tt0283160/?ref_=fn_tt_tt_1,UK,budget,gross,foreign_currency
8 Women ,http://www.imdb.com/title/tt0283832/?ref_=fn_tt_tt_1,France,budget,gross,foreign_currency
L'auberge espagnole ,http://www.imdb.com/title/tt0283900/?ref_=fn_tt_tt_1,France,budget,gross,foreign_currency
I Served the King of England ,http://www.imdb.com/title/tt0284363/?ref_=fn_tt_tt_1,Czech Republic,budget,gross,foreign_currency
Owning Mahowny ,http://www.imdb.com/title/tt0285861/?ref_=fn_tt_tt_1,Canada,budget,gross,foreign_currency
Shaolin Soccer ,http://www.imdb.com/title/tt0286112/?ref_=fn_tt_tt_1,Hong Kong,budget,gross,foreign_currency
The Triplets of Belleville ,http://www.imdb.com/title/tt0286244/?ref_=fn_tt_tt_1,France,budget,gross,foreign_currency
All or Nothing ,http://www.imdb.com/title/tt0286261/?ref_=fn_tt_tt_1,UK,budget,gross,foreign_currency
Bend It Like Beckham ,http://www.imdb.com/title/tt0286499/?ref_=fn_tt_tt_1,UK,budget,gross,foreign_currency
The Medallion ,http://www.imdb.com/title/tt0288045/?ref_=fn_tt_tt_1,Hong Kong,budget,gross,foreign_currency
28 Days Later... ,http://www.imdb.com/title/tt0289043/?ref_=fn_tt_tt_1,UK,budget,gross,foreign_currency
Red Dragon ,http://www.imdb.com/title/tt0289765/?ref_=fn_tt_tt_1,Germany,budget,gross,foreign_currency
X-Men 2 ,http://www.imdb.com/title/tt0290334/?ref_=fn_tt_tt_1,Canada,budget,gross,foreign_currency
The Legend of Suriyothai ,http://www.imdb.com/title/tt0290879/?ref_=fn_tt_tt_1,Thailand,budget,gross,foreign_currency
Mean Machine ,http://www.imdb.com/title/tt0291341/?ref_=fn_tt_tt_1,UK,budget,gross,foreign_currency
Swept Away ,http://www.imdb.com/title/tt0291502/?ref_=fn_tt_tt_1,UK,budget,gross,foreign_currency
The Phantom of the Opera ,http://www.imdb.com/title/tt0293508/?ref_=fn_tt_tt_1,UK,budget,gross,foreign_currency
The Transporter ,http://www.imdb.com/title/tt0293662/?ref_=fn_tt_tt_1,France,budget,gross,foreign_currency
Feardotcom ,http://www.imdb.com/title/tt0295254/?ref_=fn_tt_tt_1,UK,budget,gross,foreign_currency
Harry Potter and the Chamber of Secrets ,http://www.imdb.com/title/tt0295297/?ref_=fn_tt_tt_1,UK,budget,gross,foreign_currency
Half Past Dead ,http://www.imdb.com/title/tt0297162/?ref_=fn_tt_tt_1,Germany,budget,gross,foreign_currency
Whale Rider ,http://www.imdb.com/title/tt0298228/?ref_=fn_tt_tt_1,New Zealand,budget,gross,foreign_currency
Hero ,http://www.imdb.com/title/tt0299977/?ref_=fn_tt_tt_1,China,budget,gross,foreign_currency
The Holy Girl ,http://www.imdb.com/title/tt0300270/?ref_=fn_tt_tt_1,Argentina,budget,gross,foreign_currency
Dirty Pretty Things ,http://www.imdb.com/title/tt0301199/?ref_=fn_tt_tt_1,UK,budget,gross,foreign_currency
Good Bye Lenin! ,http://www.imdb.com/title/tt0301357/?ref_=fn_tt_tt_1,Germany,budget,gross,foreign_currency
The Heart of Me ,http://www.imdb.com/title/tt0301390/?ref_=fn_tt_tt_1,UK,budget,gross,foreign_currency
Harry Potter and the Prisoner of Azkaban ,http://www.imdb.com/title/tt0304141/?ref_=fn_tt_tt_1,UK,budget,gross,foreign_currency
The Crocodile Hunter: Collision Course ,http://www.imdb.com/title/tt0305396/?ref_=fn_tt_tt_1,Australia,budget,gross,foreign_currency
Fascination ,http://www.imdb.com/title/tt0305632/?ref_=fn_tt_tt_1,Germany,budget,gross,foreign_currency
Nicholas Nickleby ,http://www.imdb.com/title/tt0309912/?ref_=fn_tt_tt_1,UK,budget,gross,foreign_currency
Willard ,http://www.imdb.com/title/tt0310357/?ref_=fn_tt_tt_1,Canada,budget,gross,foreign_currency
Bon voyage ,http://www.imdb.com/title/tt0310778/?ref_=fn_tt_tt_1,France,budget,gross,foreign_currency
Bowling for Columbine ,http://www.imdb.com/title/tt0310793/?ref_=fn_tt_tt_1,Germany,budget,gross,foreign_currency
The Curse of the Were-Rabbit ,http://www.imdb.com/title/tt0312004/?ref_=fn_tt_tt_1,UK,budget,gross,foreign_currency
Veronica Guerin ,http://www.imdb.com/title/tt0312549/?ref_=fn_tt_tt_1,Ireland,budget,gross,foreign_currency
El crimen del padre Amaro ,http://www.imdb.com/title/tt0313196/?ref_=fn_tt_tt_1,Mexico,budget,gross,foreign_currency
Love Actually ,http://www.imdb.com/title/tt0314331/?ref_=fn_tt_tt_1,UK,budget,gross,foreign_currency
My Life Without Me ,http://www.imdb.com/title/tt0314412/?ref_=fn_tt_tt_1,Spain,budget,gross,foreign_currency
Raising Victor Vargas ,http://www.imdb.com/title/tt0316188/?ref_=fn_tt_tt_1,France,budget,gross,foreign_currency
Bridget Jones: The Edge of Reason ,http://www.imdb.com/title/tt0317198/?ref_=fn_tt_tt_1,UK,budget,gross,foreign_currency
City of God ,http://www.imdb.com/title/tt0317248/?ref_=fn_tt_tt_1,Brazil,budget,gross,foreign_currency
A Sound of Thunder ,http://www.imdb.com/title/tt0318081/?ref_=fn_tt_tt_1,UK,budget,gross,foreign_currency
Looney Tunes: Back in Action ,http://www.imdb.com/title/tt0318155/?ref_=fn_tt_tt_1,Germany,budget,gross,foreign_currency
Resident Evil: Apocalypse ,http://www.imdb.com/title/tt0318627/?ref_=fn_tt_tt_1,Germany,budget,gross,foreign_currency
Sahara ,http://www.imdb.com/title/tt0318649/?ref_=fn_tt_tt_1,UK,budget,gross,foreign_currency
Mondays in the Sun ,http://www.imdb.com/title/tt0319769/?ref_=fn_tt_tt_1,Spain,budget,gross,foreign_currency
Underworld ,http://www.imdb.com/title/tt0320691/?ref_=fn_tt_tt_1,UK,budget,gross,foreign_currency
Laws of Attraction ,http://www.imdb.com/title/tt0323033/?ref_=fn_tt_tt_1,Ireland,budget,gross,foreign_currency
Remember Me My Love,http://www.imdb.com/title/tt0323807/?ref_=fn_tt_tt_1,Italy,budget,gross,foreign_currency
Harry Potter and the Goblet of Fire ,http://www.imdb.com/title/tt0330373/?ref_=fn_tt_tt_1,UK,budget,gross,foreign_currency
Mambo Italiano ,http://www.imdb.com/title/tt0330602/?ref_=fn_tt_tt_1,Canada,budget,gross,foreign_currency
On the Road ,http://www.imdb.com/title/tt0337692/?ref_=fn_tt_tt_1,France,budget,gross,foreign_currency
High Tension ,http://www.imdb.com/title/tt0338095/?ref_=fn_tt_tt_1,France,budget,gross,foreign_currency
The Barbarian Invasions ,http://www.imdb.com/title/tt0338135/?ref_=fn_tt_tt_1,Canada,budget,gross,foreign_currency
Two Brothers ,http://www.imdb.com/title/tt0338512/?ref_=fn_tt_tt_1,France,budget,gross,foreign_currency
Being Julia ,http://www.imdb.com/title/tt0340012/?ref_=fn_tt_tt_1,Canada,budget,gross,foreign_currency
The Statement ,http://www.imdb.com/title/tt0340376/?ref_=fn_tt_tt_1,Canada,budget,gross,foreign_currency
Unleashed ,http://www.imdb.com/title/tt0342258/?ref_=fn_tt_tt_1,France,budget,gross,foreign_currency
Dear Wendy ,http://www.imdb.com/title/tt0342272/?ref_=fn_tt_tt_1,Italy,budget,gross,foreign_currency
Manderlay ,http://www.imdb.com/title/tt0342735/?ref_=fn_tt_tt_1,Denmark,budget,gross,foreign_currency
A Very Long Engagement ,http://www.imdb.com/title/tt0344510/?ref_=fn_tt_tt_1,France,budget,gross,foreign_currency
Arthur and the Invisibles ,http://www.imdb.com/title/tt0344854/?ref_=fn_tt_tt_1,France,budget,gross,foreign_currency
Code 46 ,http://www.imdb.com/title/tt0345061/?ref_=fn_tt_tt_1,UK,budget,gross,foreign_currency
Alexander ,http://www.imdb.com/title/tt0346491/?ref_=fn_tt_tt_1,Germany,budget,gross,foreign_currency
Howl's Moving Castle ,http://www.imdb.com/title/tt0347149/?ref_=fn_tt_tt_1,Japan,budget,gross,foreign_currency
Steamboy ,http://www.imdb.com/title/tt0348121/?ref_=fn_tt_tt_1,Japan,budget,gross,foreign_currency
The Bridge of San Luis Rey ,http://www.imdb.com/title/tt0356443/?ref_=fn_tt_tt_1,UK,budget,gross,foreign_currency
Elektra ,http://www.imdb.com/title/tt0357277/?ref_=fn_tt_tt_1,Canada,budget,gross,foreign_currency
Wimbledon ,http://www.imdb.com/title/tt0360201/?ref_=fn_tt_tt_1,UK,budget,gross,foreign_currency
King Kong ,http://www.imdb.com/title/tt0360717/?ref_=fn_tt_tt_1,New Zealand,budget,gross,foreign_currency
Valiant ,http://www.imdb.com/title/tt0361089/?ref_=fn_tt_tt_1,UK,budget,gross,foreign_currency
Bride & Prejudice ,http://www.imdb.com/title/tt0361411/?ref_=fn_tt_tt_1,UK,budget,gross,foreign_currency
Confessions of a Teenage Drama Queen ,http://www.imdb.com/title/tt0361467/?ref_=fn_tt_tt_1,Germany,budget,gross,foreign_currency
The Machinist ,http://www.imdb.com/title/tt0361862/?ref_=fn_tt_tt_1,Spain,budget,gross,foreign_currency
Downfall ,http://www.imdb.com/title/tt0363163/?ref_=fn_tt_tt_1,Germany,budget,gross,foreign_currency
Oldboy ,http://www.imdb.com/title/tt0364569/?ref_=fn_tt_tt_1,South Korea,budget,gross,foreign_currency
Babylon A.D. ,http://www.imdb.com/title/tt0364970/?ref_=fn_tt_tt_1,France,budget,gross,foreign_currency
Shaun of the Dead ,http://www.imdb.com/title/tt0365748/?ref_=fn_tt_tt_1,UK,budget,gross,foreign_currency
Mirrormask ,http://www.imdb.com/title/tt0366780/?ref_=fn_tt_tt_1,UK,budget,gross,foreign_currency
Fateless ,http://www.imdb.com/title/tt0367082/?ref_=fn_tt_tt_1,Hungary,budget,gross,foreign_currency
Hannibal Rising ,http://www.imdb.com/title/tt0367959/?ref_=fn_tt_tt_1,UK,budget,gross,foreign_currency
Osama ,http://www.imdb.com/title/tt0368913/?ref_=fn_tt_tt_1,Afghanistan,budget,gross,foreign_currency
Alone in the Dark ,http://www.imdb.com/title/tt0369226/?ref_=fn_tt_tt_1,Canada,budget,gross,foreign_currency
Four Christmases ,http://www.imdb.com/title/tt0369436/?ref_=fn_tt_tt_1,Germany,budget,gross,foreign_currency
The Sea Inside ,http://www.imdb.com/title/tt0369702/?ref_=fn_tt_tt_1,Spain,budget,gross,foreign_currency
Monster-in-Law ,http://www.imdb.com/title/tt0369735/?ref_=fn_tt_tt_1,Germany,budget,gross,foreign_currency
The Chorus ,http://www.imdb.com/title/tt0372824/?ref_=fn_tt_tt_1,France,budget,gross,foreign_currency
Dragon Wars: D-War ,http://www.imdb.com/title/tt0372873/?ref_=fn_tt_tt_1,South Korea,budget,gross,foreign_currency
Kung Fu Hustle ,http://www.imdb.com/title/tt0373074/?ref_=fn_tt_tt_1,Hong Kong,budget,gross,foreign_currency
Where the Truth Lies ,http://www.imdb.com/title/tt0373450/?ref_=fn_tt_tt_1,Canada,budget,gross,foreign_currency
Harry Potter and the Order of the Phoenix ,http://www.imdb.com/title/tt0373889/?ref_=fn_tt_tt_1,UK,budget,gross,foreign_currency
The Interpreter ,http://www.imdb.com/title/tt0373926/?ref_=fn_tt_tt_1,UK,budget,gross,foreign_currency
Nomad: The Warrior ,http://www.imdb.com/title/tt0374089/?ref_=fn_tt_tt_1,France,budget,gross,foreign_currency
Incident at Loch Ness ,http://www.imdb.com/title/tt0374639/?ref_=fn_tt_tt_1,UK,budget,gross,foreign_currency
Alfie ,http://www.imdb.com/title/tt0375173/?ref_=fn_tt_tt_1,UK,budget,gross,foreign_currency
White Noise ,http://www.imdb.com/title/tt0375210/?ref_=fn_tt_tt_1,UK,budget,gross,foreign_currency
Astro Boy ,http://www.imdb.com/title/tt0375568/?ref_=fn_tt_tt_1,Hong Kong,budget,gross,foreign_currency
Crash ,http://www.imdb.com/title/tt0375679/?ref_=fn_tt_tt_1,Germany,budget,gross,foreign_currency
Layer Cake ,http://www.imdb.com/title/tt0375912/?ref_=fn_tt_tt_1,UK,budget,gross,foreign_currency
X-Men: The Last Stand ,http://www.imdb.com/title/tt0376994/?ref_=fn_tt_tt_1,Canada,budget,gross,foreign_currency
The Visual Bible: The Gospel of John ,http://www.imdb.com/title/tt0377992/?ref_=fn_tt_tt_1,Canada,budget,gross,foreign_currency
Capote ,http://www.imdb.com/title/tt0379725/?ref_=fn_tt_tt_1,Canada,budget,gross,foreign_currency
Savage Grace ,http://www.imdb.com/title/tt0379976/?ref_=fn_tt_tt_1,Spain,budget,gross,foreign_currency
Oliver Twist ,http://www.imdb.com/title/tt0380599/?ref_=fn_tt_tt_1,UK,budget,gross,foreign_currency
Casino Royale ,http://www.imdb.com/title/tt0381061/?ref_=fn_tt_tt_1,UK,budget,gross,foreign_currency
Yes ,http://www.imdb.com/title/tt0381717/?ref_=fn_tt_tt_1,UK,budget,gross,foreign_currency
My Summer of Love ,http://www.imdb.com/title/tt0382189/?ref_=fn_tt_tt_1,UK,budget,gross,foreign_currency
Jindabyne ,http://www.imdb.com/title/tt0382765/?ref_=fn_tt_tt_1,Australia,budget,gross,foreign_currency
Vera Drake ,http://www.imdb.com/title/tt0383694/?ref_=fn_tt_tt_1,UK,budget,gross,foreign_currency
Saint Ralph ,http://www.imdb.com/title/tt0384488/?ref_=fn_tt_tt_1,Canada,budget,gross,foreign_currency
Silent Hill ,http://www.imdb.com/title/tt0384537/?ref_=fn_tt_tt_1,Canada,budget,gross,foreign_currency
The White Countess ,http://www.imdb.com/title/tt0384686/?ref_=fn_tt_tt_1,UK,budget,gross,foreign_currency
House of Flying Daggers ,http://www.imdb.com/title/tt0385004/?ref_=fn_tt_tt_1,China,budget,gross,foreign_currency
Tae Guk Gi: The Brotherhood of War ,http://www.imdb.com/title/tt0386064/?ref_=fn_tt_tt_1,South Korea,budget,gross,foreign_currency
Where the Wild Things Are ,http://www.imdb.com/title/tt0386117/?ref_=fn_tt_tt_1,Germany,budget,gross,foreign_currency
Renaissance ,http://www.imdb.com/title/tt0386741/?ref_=fn_tt_tt_1,France,budget,gross,foreign_currency
The Constant Gardener ,http://www.imdb.com/title/tt0387131/?ref_=fn_tt_tt_1,UK,budget,gross,foreign_currency
Seed of Chucky ,http://www.imdb.com/title/tt0387575/?ref_=fn_tt_tt_1,Romania,budget,gross,foreign_currency
The Black Dahlia ,http://www.imdb.com/title/tt0387877/?ref_=fn_tt_tt_1,Germany,budget,gross,foreign_currency
Transporter 2 ,http://www.imdb.com/title/tt0388482/?ref_=fn_tt_tt_1,France,budget,gross,foreign_currency
Clean ,http://www.imdb.com/title/tt0388838/?ref_=fn_tt_tt_1,France,budget,gross,foreign_currency
Black Book ,http://www.imdb.com/title/tt0389557/?ref_=fn_tt_tt_1,Netherlands,budget,gross,foreign_currency
Maria Full of Grace ,http://www.imdb.com/title/tt0390221/?ref_=fn_tt_tt_1,Colombia,budget,gross,foreign_currency
Hotel Rwanda ,http://www.imdb.com/title/tt0395169/?ref_=fn_tt_tt_1,UK,budget,gross,foreign_currency
The Pacifier ,http://www.imdb.com/title/tt0395699/?ref_=fn_tt_tt_1,Canada,budget,gross,foreign_currency
Perfume: The Story of a Murderer ,http://www.imdb.com/title/tt0396171/?ref_=fn_tt_tt_1,Germany,budget,gross,foreign_currency
House of Wax ,http://www.imdb.com/title/tt0397065/?ref_=fn_tt_tt_1,Australia,budget,gross,foreign_currency
Trade ,http://www.imdb.com/title/tt0399095/?ref_=fn_tt_tt_1,Germany,budget,gross,foreign_currency
The Man ,http://www.imdb.com/title/tt0399327/?ref_=fn_tt_tt_1,Germany,budget,gross,foreign_currency
Paris je t'aime,http://www.imdb.com/title/tt0401711/?ref_=fn_tt_tt_1,France,budget,gross,foreign_currency
Night Watch ,http://www.imdb.com/title/tt0403358/?ref_=fn_tt_tt_1,Russia,budget,gross,foreign_currency
Running Scared ,http://www.imdb.com/title/tt0404390/?ref_=fn_tt_tt_1,Germany,budget,gross,foreign_currency
The Lives of Others ,http://www.imdb.com/title/tt0405094/?ref_=fn_tt_tt_1,Germany,budget,gross,foreign_currency
Southland Tales ,http://www.imdb.com/title/tt0405336/?ref_=fn_tt_tt_1,France,budget,gross,foreign_currency
All the King's Men ,http://www.imdb.com/title/tt0405676/?ref_=fn_tt_tt_1,Germany,budget,gross,foreign_currency
Munich ,http://www.imdb.com/title/tt0408306/?ref_=fn_tt_tt_1,France,budget,gross,foreign_currency
The World's Fastest Indian ,http://www.imdb.com/title/tt0412080/?ref_=fn_tt_tt_1,New Zealand,budget,gross,foreign_currency
Mrs Henderson Presents ,http://www.imdb.com/title/tt0413015/?ref_=fn_tt_tt_1,UK,budget,gross,foreign_currency
Elizabeth: The Golden Age ,http://www.imdb.com/title/tt0414055/?ref_=fn_tt_tt_1,UK,budget,gross,foreign_currency
Pride & Prejudice ,http://www.imdb.com/title/tt0414387/?ref_=fn_tt_tt_1,France,budget,gross,foreign_currency
District B13 ,http://www.imdb.com/title/tt0414852/?ref_=fn_tt_tt_1,France,budget,gross,foreign_currency
Barnyard ,http://www.imdb.com/title/tt0414853/?ref_=fn_tt_tt_1,Germany,budget,gross,foreign_currency
Final Destination 3 ,http://www.imdb.com/title/tt0414982/?ref_=fn_tt_tt_1,Germany,budget,gross,foreign_currency
Mongol: The Rise of Genghis Khan ,http://www.imdb.com/title/tt0416044/?ref_=fn_tt_tt_1,Russia,budget,gross,foreign_currency
Match Point ,http://www.imdb.com/title/tt0416320/?ref_=fn_tt_tt_1,UK,budget,gross,foreign_currency
Becoming Jane ,http://www.imdb.com/title/tt0416508/?ref_=fn_tt_tt_1,UK,budget,gross,foreign_currency
Snakes on a Plane ,http://www.imdb.com/title/tt0417148/?ref_=fn_tt_tt_1,Germany,budget,gross,foreign_currency
Harry Potter and the Half-Blood Prince ,http://www.imdb.com/title/tt0417741/?ref_=fn_tt_tt_1,UK,budget,gross,foreign_currency
The Promise ,http://www.imdb.com/title/tt0417976/?ref_=fn_tt_tt_1,China,budget,gross,foreign_currency
Jarhead ,http://www.imdb.com/title/tt0418763/?ref_=fn_tt_tt_1,Germany,budget,gross,foreign_currency
Land of the Dead ,http://www.imdb.com/title/tt0418819/?ref_=fn_tt_tt_1,Canada,budget,gross,foreign_currency
Wah-Wah ,http://www.imdb.com/title/tt0419256/?ref_=fn_tt_tt_1,UK,budget,gross,foreign_currency
Three Burials ,http://www.imdb.com/title/tt0419294/?ref_=fn_tt_tt_1,France,budget,gross,foreign_currency
Doom ,http://www.imdb.com/title/tt0419706/?ref_=fn_tt_tt_1,UK,budget,gross,foreign_currency
Find Me Guilty ,http://www.imdb.com/title/tt0419749/?ref_=fn_tt_tt_1,Germany,budget,gross,foreign_currency
Summer Storm ,http://www.imdb.com/title/tt0420206/?ref_=fn_tt_tt_1,Germany,budget,gross,foreign_currency
The Tale of Despereaux ,http://www.imdb.com/title/tt0420238/?ref_=fn_tt_tt_1,UK,budget,gross,foreign_currency
Opal Dream ,http://www.imdb.com/title/tt0420835/?ref_=fn_tt_tt_1,Australia,budget,gross,foreign_currency
Domino ,http://www.imdb.com/title/tt0421054/?ref_=fn_tt_tt_1,France,budget,gross,foreign_currency
Control ,http://www.imdb.com/title/tt0421082/?ref_=fn_tt_tt_1,UK,budget,gross,foreign_currency
The Proposition ,http://www.imdb.com/title/tt0421238/?ref_=fn_tt_tt_1,Australia,budget,gross,foreign_currency
Imagine Me & You ,http://www.imdb.com/title/tt0421994/?ref_=fn_tt_tt_1,UK,budget,gross,foreign_currency
Tristram Shandy: A Cock and Bull Story ,http://www.imdb.com/title/tt0423409/?ref_=fn_tt_tt_1,UK,budget,gross,foreign_currency
Flushed Away ,http://www.imdb.com/title/tt0424095/?ref_=fn_tt_tt_1,UK,budget,gross,foreign_currency
Joyeux Noel ,http://www.imdb.com/title/tt0424205/?ref_=fn_tt_tt_1,France,budget,gross,foreign_currency
Hot Fuzz ,http://www.imdb.com/title/tt0425112/?ref_=fn_tt_tt_1,UK,budget,gross,foreign_currency
Lucky Number Slevin ,http://www.imdb.com/title/tt0425210/?ref_=fn_tt_tt_1,Germany,budget,gross,foreign_currency
Red Cliff ,http://www.imdb.com/title/tt0425637/?ref_=fn_tt_tt_1,China,budget,gross,foreign_currency
The Protector ,http://www.imdb.com/title/tt0427954/?ref_=fn_tt_tt_1,Thailand,budget,gross,foreign_currency
March of the Penguins ,http://www.imdb.com/title/tt0428803/?ref_=fn_tt_tt_1,France,budget,gross,foreign_currency
An American Haunting ,http://www.imdb.com/title/tt0429573/?ref_=fn_tt_tt_1,UK,budget,gross,foreign_currency
Basic Instinct 2 ,http://www.imdb.com/title/tt0430912/?ref_=fn_tt_tt_1,UK,budget,gross,foreign_currency
Role Models ,http://www.imdb.com/title/tt0430922/?ref_=fn_tt_tt_1,Germany,budget,gross,foreign_currency
Resident Evil: Extinction ,http://www.imdb.com/title/tt0432021/?ref_=fn_tt_tt_1,France,budget,gross,foreign_currency
Daybreakers ,http://www.imdb.com/title/tt0433362/?ref_=fn_tt_tt_1,Australia,budget,gross,foreign_currency
Undiscovered ,http://www.imdb.com/title/tt0434424/?ref_=fn_tt_tt_1,Germany,budget,gross,foreign_currency
Conversations with Other Women ,http://www.imdb.com/title/tt0435623/?ref_=fn_tt_tt_1,UK,budget,gross,foreign_currency
The Descent ,http://www.imdb.com/title/tt0435625/?ref_=fn_tt_tt_1,UK,budget,gross,foreign_currency
The Giver ,http://www.imdb.com/title/tt0435651/?ref_=fn_tt_tt_1,South Africa,budget,gross,foreign_currency
Good ,http://www.imdb.com/title/tt0436364/?ref_=fn_tt_tt_1,UK,budget,gross,foreign_currency
The Queen ,http://www.imdb.com/title/tt0436697/?ref_=fn_tt_tt_1,UK,budget,gross,foreign_currency
Catch a Fire ,http://www.imdb.com/title/tt0437232/?ref_=fn_tt_tt_1,France,budget,gross,foreign_currency
Peaceful Warrior ,http://www.imdb.com/title/tt0438315/?ref_=fn_tt_tt_1,Germany,budget,gross,foreign_currency
Slither ,http://www.imdb.com/title/tt0439815/?ref_=fn_tt_tt_1,Canada,budget,gross,foreign_currency
The Painted Veil ,http://www.imdb.com/title/tt0446755/?ref_=fn_tt_tt_1,China,budget,gross,foreign_currency
Sunshine ,http://www.imdb.com/title/tt0448134/?ref_=fn_tt_tt_1,UK,budget,gross,foreign_currency
London ,http://www.imdb.com/title/tt0449061/?ref_=fn_tt_tt_1,UK,budget,gross,foreign_currency
Babel ,http://www.imdb.com/title/tt0449467/?ref_=fn_tt_tt_1,France,budget,gross,foreign_currency
Kabhi Alvida Naa Kehna ,http://www.imdb.com/title/tt0449999/?ref_=fn_tt_tt_1,India,budget,gross,foreign_currency
16 Blocks ,http://www.imdb.com/title/tt0450232/?ref_=fn_tt_tt_1,Germany,budget,gross,foreign_currency
Blood Diamond ,http://www.imdb.com/title/tt0450259/?ref_=fn_tt_tt_1,Germany,budget,gross,foreign_currency
Lady Vengeance ,http://www.imdb.com/title/tt0451094/?ref_=fn_tt_tt_1,South Korea,budget,gross,foreign_currency
Mr. Bean's Holiday ,http://www.imdb.com/title/tt0453451/?ref_=fn_tt_tt_1,UK,budget,gross,foreign_currency
TMNT ,http://www.imdb.com/title/tt0453556/?ref_=fn_tt_tt_1,Hong Kong,budget,gross,foreign_currency
Flyboys ,http://www.imdb.com/title/tt0454824/?ref_=fn_tt_tt_1,UK,budget,gross,foreign_currency
How to Lose Friends & Alienate People ,http://www.imdb.com/title/tt0455538/?ref_=fn_tt_tt_1,UK,budget,gross,foreign_currency
The Last King of Scotland ,http://www.imdb.com/title/tt0455590/?ref_=fn_tt_tt_1,UK,budget,gross,foreign_currency
Australia ,http://www.imdb.com/title/tt0455824/?ref_=fn_tt_tt_1,Australia,budget,gross,foreign_currency
Pan's Labyrinth ,http://www.imdb.com/title/tt0457430/?ref_=fn_tt_tt_1,Spain,budget,gross,foreign_currency
Alex Rider: Operation Stormbreaker ,http://www.imdb.com/title/tt0457495/?ref_=fn_tt_tt_1,Germany,budget,gross,foreign_currency
Nacho Libre ,http://www.imdb.com/title/tt0457510/?ref_=fn_tt_tt_1,Germany,budget,gross,foreign_currency
Scoop ,http://www.imdb.com/title/tt0457513/?ref_=fn_tt_tt_1,UK,budget,gross,foreign_currency
Fido ,http://www.imdb.com/title/tt0457572/?ref_=fn_tt_tt_1,Canada,budget,gross,foreign_currency
In the Name of the King: A Dungeon Siege Tale ,http://www.imdb.com/title/tt0460780/?ref_=fn_tt_tt_1,Germany,budget,gross,foreign_currency
The Last Legion ,http://www.imdb.com/title/tt0462396/?ref_=fn_tt_tt_1,UK,budget,gross,foreign_currency
28 Weeks Later ,http://www.imdb.com/title/tt0463854/?ref_=fn_tt_tt_1,UK,budget,gross,foreign_currency
Freedom Writers ,http://www.imdb.com/title/tt0463998/?ref_=fn_tt_tt_1,Germany,budget,gross,foreign_currency
The History Boys ,http://www.imdb.com/title/tt0464049/?ref_=fn_tt_tt_1,UK,budget,gross,foreign_currency
The Orphanage ,http://www.imdb.com/title/tt0464141/?ref_=fn_tt_tt_1,Spain,budget,gross,foreign_currency
Severance ,http://www.imdb.com/title/tt0464196/?ref_=fn_tt_tt_1,UK,budget,gross,foreign_currency
Hitman ,http://www.imdb.com/title/tt0465494/?ref_=fn_tt_tt_1,France,budget,gross,foreign_currency
Notes on a Scandal ,http://www.imdb.com/title/tt0465551/?ref_=fn_tt_tt_1,UK,budget,gross,foreign_currency
Max Payne ,http://www.imdb.com/title/tt0467197/?ref_=fn_tt_tt_1,Canada,budget,gross,foreign_currency
The Other Boleyn Girl ,http://www.imdb.com/title/tt0467200/?ref_=fn_tt_tt_1,UK,budget,gross,foreign_currency
The Host ,http://www.imdb.com/title/tt0468492/?ref_=fn_tt_tt_1,South Korea,budget,gross,foreign_currency
Tsotsi ,http://www.imdb.com/title/tt0468565/?ref_=fn_tt_tt_1,UK,budget,gross,foreign_currency
Ex Machina ,http://www.imdb.com/title/tt0470752/?ref_=fn_tt_tt_1,UK,budget,gross,foreign_currency
The Perfect Game ,http://www.imdb.com/title/tt0473102/?ref_=fn_tt_tt_1,Canada,budget,gross,foreign_currency
Curse of the Golden Flower ,http://www.imdb.com/title/tt0473444/?ref_=fn_tt_tt_1,China,budget,gross,foreign_currency
Hail Caesar!,http://www.imdb.com/title/tt0475290/?ref_=fn_tt_tt_1,UK,budget,gross,foreign_currency
Smokin' Aces ,http://www.imdb.com/title/tt0475394/?ref_=fn_tt_tt_1,UK,budget,gross,foreign_currency
One Missed Call ,http://www.imdb.com/title/tt0479968/?ref_=fn_tt_tt_1,Japan,budget,gross,foreign_currency
This Is England ,http://www.imdb.com/title/tt0480025/?ref_=fn_tt_tt_1,UK,budget,gross,foreign_currency
Timecrimes ,http://www.imdb.com/title/tt0480669/?ref_=fn_tt_tt_1,Spain,budget,gross,foreign_currency
Miss Potter ,http://www.imdb.com/title/tt0482546/?ref_=fn_tt_tt_1,UK,budget,gross,foreign_currency
Doomsday ,http://www.imdb.com/title/tt0483607/?ref_=fn_tt_tt_1,UK,budget,gross,foreign_currency
The Secret of Kells ,http://www.imdb.com/title/tt0485601/?ref_=fn_tt_tt_1,France,budget,gross,foreign_currency
Thr3e ,http://www.imdb.com/title/tt0486028/?ref_=fn_tt_tt_1,Poland,budget,gross,foreign_currency
Stardust ,http://www.imdb.com/title/tt0486655/?ref_=fn_tt_tt_1,UK,budget,gross,foreign_currency
One to Another ,http://www.imdb.com/title/tt0486751/?ref_=fn_tt_tt_1,France,budget,gross,foreign_currency
In Her Line of Fire ,http://www.imdb.com/title/tt0487156/?ref_=fn_tt_tt_1,Germany,budget,gross,foreign_currency
The Oxford Murders ,http://www.imdb.com/title/tt0488604/?ref_=fn_tt_tt_1,Spain,budget,gross,foreign_currency
Once in a Lifetime: The Extraordinary Story of the New York Cosmos ,http://www.imdb.com/title/tt0489247/?ref_=fn_tt_tt_1,UK,budget,gross,foreign_currency
Inkheart ,http://www.imdb.com/title/tt0494238/?ref_=fn_tt_tt_1,Germany,budget,gross,foreign_currency
Vicky Cristina Barcelona ,http://www.imdb.com/title/tt0497465/?ref_=fn_tt_tt_1,Spain,budget,gross,foreign_currency
Planet 51 ,http://www.imdb.com/title/tt0762125/?ref_=fn_tt_tt_1,Spain,budget,gross,foreign_currency
My Blueberry Nights ,http://www.imdb.com/title/tt0765120/?ref_=fn_tt_tt_1,Hong Kong,budget,gross,foreign_currency
Oceans ,http://www.imdb.com/title/tt0765128/?ref_=fn_tt_tt_1,France,budget,gross,foreign_currency
The Baader Meinhof Complex ,http://www.imdb.com/title/tt0765432/?ref_=fn_tt_tt_1,Germany,budget,gross,foreign_currency
In Bruges ,http://www.imdb.com/title/tt0780536/?ref_=fn_tt_tt_1,UK,budget,gross,foreign_currency
Atonement ,http://www.imdb.com/title/tt0783233/?ref_=fn_tt_tt_1,UK,budget,gross,foreign_currency
Gangster's Paradise: Jerusalema ,http://www.imdb.com/title/tt0783532/?ref_=fn_tt_tt_1,South Africa,budget,gross,foreign_currency
Ong-bak 2 ,http://www.imdb.com/title/tt0785035/?ref_=fn_tt_tt_1,Thailand,budget,gross,foreign_currency
Winter in Wartime ,http://www.imdb.com/title/tt0795441/?ref_=fn_tt_tt_1,Netherlands,budget,gross,foreign_currency
Exiled ,http://www.imdb.com/title/tt0796212/?ref_=fn_tt_tt_1,Hong Kong,budget,gross,foreign_currency
Molière ,http://www.imdb.com/title/tt0796335/?ref_=fn_tt_tt_1,France,budget,gross,foreign_currency
Be Kind Rewind ,http://www.imdb.com/title/tt0799934/?ref_=fn_tt_tt_1,UK,budget,gross,foreign_currency
Transsiberian ,http://www.imdb.com/title/tt0800241/?ref_=fn_tt_tt_1,Spain,budget,gross,foreign_currency
The Good Heart ,http://www.imdb.com/title/tt0808285/?ref_=fn_tt_tt_1,Iceland,budget,gross,foreign_currency
Persepolis ,http://www.imdb.com/title/tt0808417/?ref_=fn_tt_tt_1,France,budget,gross,foreign_currency
Bright Star ,http://www.imdb.com/title/tt0810784/?ref_=fn_tt_tt_1,UK,budget,gross,foreign_currency
Percy Jackson & the Olympians: The Lightning Thief ,http://www.imdb.com/title/tt0814255/?ref_=fn_tt_tt_1,UK,budget,gross,foreign_currency
The Soloist ,http://www.imdb.com/title/tt0821642/?ref_=fn_tt_tt_1,UK,budget,gross,foreign_currency
The Last Station ,http://www.imdb.com/title/tt0824758/?ref_=fn_tt_tt_1,Germany,budget,gross,foreign_currency
Caramel ,http://www.imdb.com/title/tt0825236/?ref_=fn_tt_tt_1,France,budget,gross,foreign_currency
When Did You Last See Your Father? ,http://www.imdb.com/title/tt0829098/?ref_=fn_tt_tt_1,UK,budget,gross,foreign_currency
Quantum of Solace ,http://www.imdb.com/title/tt0830515/?ref_=fn_tt_tt_1,UK,budget,gross,foreign_currency
The Sweeney ,http://www.imdb.com/title/tt0857190/?ref_=fn_tt_tt_1,UK,budget,gross,foreign_currency
Blindness ,http://www.imdb.com/title/tt0861689/?ref_=fn_tt_tt_1,Canada,budget,gross,foreign_currency
Elite Squad ,http://www.imdb.com/title/tt0861739/?ref_=fn_tt_tt_1,Brazil,budget,gross,foreign_currency
The Duchess ,http://www.imdb.com/title/tt0864761/?ref_=fn_tt_tt_1,UK,budget,gross,foreign_currency
Ponyo ,http://www.imdb.com/title/tt0876563/?ref_=fn_tt_tt_1,Japan,budget,gross,foreign_currency
The Children of Huang Shi ,http://www.imdb.com/title/tt0889588/?ref_=fn_tt_tt_1,Australia,budget,gross,foreign_currency
Street Fighter: The Legend of Chun-Li ,http://www.imdb.com/title/tt0891592/?ref_=fn_tt_tt_1,Canada,budget,gross,foreign_currency
The Good the Bad the Weird,http://www.imdb.com/title/tt0901487/?ref_=fn_tt_tt_1,South Korea,budget,gross,foreign_currency
Once ,http://www.imdb.com/title/tt0907657/?ref_=fn_tt_tt_1,Ireland,budget,gross,foreign_currency
The Warlords ,http://www.imdb.com/title/tt0913968/?ref_=fn_tt_tt_1,Hong Kong,budget,gross,foreign_currency
The Boy in the Striped Pajamas ,http://www.imdb.com/title/tt0914798/?ref_=fn_tt_tt_1,UK,budget,gross,foreign_currency
Flame and Citron ,http://www.imdb.com/title/tt0920458/?ref_=fn_tt_tt_1,Denmark,budget,gross,foreign_currency
In the Shadow of the Moon ,http://www.imdb.com/title/tt0925248/?ref_=fn_tt_tt_1,UK,budget,gross,foreign_currency
Taken ,http://www.imdb.com/title/tt0936501/?ref_=fn_tt_tt_1,France,budget,gross,foreign_currency
Silent Hill: Revelation 3D ,http://www.imdb.com/title/tt0938330/?ref_=fn_tt_tt_1,France,budget,gross,foreign_currency
Green Zone ,http://www.imdb.com/title/tt0947810/?ref_=fn_tt_tt_1,France,budget,gross,foreign_currency
The Young Victoria ,http://www.imdb.com/title/tt0962736/?ref_=fn_tt_tt_1,UK,budget,gross,foreign_currency
Donkey Punch ,http://www.imdb.com/title/tt0988849/?ref_=fn_tt_tt_1,UK,budget,gross,foreign_currency
The Iron Lady ,http://www.imdb.com/title/tt1007029/?ref_=fn_tt_tt_1,UK,budget,gross,foreign_currency
Slumdog Millionaire ,http://www.imdb.com/title/tt1010048/?ref_=fn_tt_tt_1,UK,budget,gross,foreign_currency
Child 44 ,http://www.imdb.com/title/tt1014763/?ref_=fn_tt_tt_1,Czech Republic,budget,gross,foreign_currency
Splice ,http://www.imdb.com/title/tt1017460/?ref_=fn_tt_tt_1,Canada,budget,gross,foreign_currency
Selma ,http://www.imdb.com/title/tt1020072/?ref_=fn_tt_tt_1,UK,budget,gross,foreign_currency
The Warrior's Way ,http://www.imdb.com/title/tt1032751/?ref_=fn_tt_tt_1,New Zealand,budget,gross,foreign_currency
RocknRolla ,http://www.imdb.com/title/tt1032755/?ref_=fn_tt_tt_1,UK,budget,gross,foreign_currency
I Love You Beth Cooper,http://www.imdb.com/title/tt1032815/?ref_=fn_tt_tt_1,Canada,budget,gross,foreign_currency
4 Months 3 Weeks and 2 Days,http://www.imdb.com/title/tt1032846/?ref_=fn_tt_tt_1,Romania,budget,gross,foreign_currency
Coco Before Chanel ,http://www.imdb.com/title/tt1035736/?ref_=fn_tt_tt_1,France,budget,gross,foreign_currency
The Nutcracker in 3D ,http://www.imdb.com/title/tt1041804/?ref_=fn_tt_tt_1,UK,budget,gross,foreign_currency
I Love You Phillip Morris ,http://www.imdb.com/title/tt1045772/?ref_=fn_tt_tt_1,France,budget,gross,foreign_currency
The Other End of the Line ,http://www.imdb.com/title/tt1049405/?ref_=fn_tt_tt_1,UK,budget,gross,foreign_currency
The Imaginarium of Doctor Parnassus ,http://www.imdb.com/title/tt1054606/?ref_=fn_tt_tt_1,UK,budget,gross,foreign_currency
Monte Carlo ,http://www.imdb.com/title/tt1067774/?ref_=fn_tt_tt_1,Hungary,budget,gross,foreign_currency
Skyfall ,http://www.imdb.com/title/tt1074638/?ref_=fn_tt_tt_1,UK,budget,gross,foreign_currency
Eddie the Eagle ,http://www.imdb.com/title/tt1083452/?ref_=fn_tt_tt_1,UK,budget,gross,foreign_currency
Paddington ,http://www.imdb.com/title/tt1109624/?ref_=fn_tt_tt_1,UK,budget,gross,foreign_currency
City of Life and Death ,http://www.imdb.com/title/tt1124052/?ref_=fn_tt_tt_1,China,budget,gross,foreign_currency
District 9 ,http://www.imdb.com/title/tt1136608/?ref_=fn_tt_tt_1,South Africa,budget,gross,foreign_currency
The Ghost Writer ,http://www.imdb.com/title/tt1139328/?ref_=fn_tt_tt_1,France,budget,gross,foreign_currency
Bran Nue Dae ,http://www.imdb.com/title/tt1148165/?ref_=fn_tt_tt_1,Australia,budget,gross,foreign_currency
Micmacs ,http://www.imdb.com/title/tt1149361/?ref_=fn_tt_tt_1,France,budget,gross,foreign_currency
The White Ribbon ,http://www.imdb.com/title/tt1149362/?ref_=fn_tt_tt_1,Germany,budget,gross,foreign_currency
Man on Wire ,http://www.imdb.com/title/tt1155592/?ref_=fn_tt_tt_1,UK,budget,gross,foreign_currency
An Education ,http://www.imdb.com/title/tt1174732/?ref_=fn_tt_tt_1,UK,budget,gross,foreign_currency
Me and Orson Welles ,http://www.imdb.com/title/tt1175506/?ref_=fn_tt_tt_1,UK,budget,gross,foreign_currency
From Paris with Love ,http://www.imdb.com/title/tt1179034/?ref_=fn_tt_tt_1,France,budget,gross,foreign_currency
Chéri ,http://www.imdb.com/title/tt1179258/?ref_=fn_tt_tt_1,UK,budget,gross,foreign_currency
Moon ,http://www.imdb.com/title/tt1182345/?ref_=fn_tt_tt_1,UK,budget,gross,foreign_currency
Waltz with Bashir ,http://www.imdb.com/title/tt1185616/?ref_=fn_tt_tt_1,Israel,budget,gross,foreign_currency
Agora ,http://www.imdb.com/title/tt1186830/?ref_=fn_tt_tt_1,Spain,budget,gross,foreign_currency
Pandorum ,http://www.imdb.com/title/tt1188729/?ref_=fn_tt_tt_1,Germany,budget,gross,foreign_currency
My Name Is Khan ,http://www.imdb.com/title/tt1188996/?ref_=fn_tt_tt_1,India,budget,gross,foreign_currency
Enter the Void ,http://www.imdb.com/title/tt1191111/?ref_=fn_tt_tt_1,France,budget,gross,foreign_currency
Casino Jack ,http://www.imdb.com/title/tt1194417/?ref_=fn_tt_tt_1,Canada,budget,gross,foreign_currency
The World's End ,http://www.imdb.com/title/tt1213663/?ref_=fn_tt_tt_1,UK,budget,gross,foreign_currency
Resident Evil: Afterlife ,http://www.imdb.com/title/tt1220634/?ref_=fn_tt_tt_1,Germany,budget,gross,foreign_currency
I Am Love ,http://www.imdb.com/title/tt1226236/?ref_=fn_tt_tt_1,Italy,budget,gross,foreign_currency
The Damned United ,http://www.imdb.com/title/tt1226271/?ref_=fn_tt_tt_1,UK,budget,gross,foreign_currency
Edge of Darkness ,http://www.imdb.com/title/tt1226273/?ref_=fn_tt_tt_1,UK,budget,gross,foreign_currency
Pontypool ,http://www.imdb.com/title/tt1226681/?ref_=fn_tt_tt_1,Canada,budget,gross,foreign_currency
Let Me In ,http://www.imdb.com/title/tt1228987/?ref_=fn_tt_tt_1,UK,budget,gross,foreign_currency
Saw VI ,http://www.imdb.com/title/tt1233227/?ref_=fn_tt_tt_1,Canada,budget,gross,foreign_currency
Wild Target ,http://www.imdb.com/title/tt1235189/?ref_=fn_tt_tt_1,UK,budget,gross,foreign_currency
Ondine ,http://www.imdb.com/title/tt1235796/?ref_=fn_tt_tt_1,Ireland,budget,gross,foreign_currency
We Need to Talk About Kevin ,http://www.imdb.com/title/tt1242460/?ref_=fn_tt_tt_1,UK,budget,gross,foreign_currency
[Rec] 2 ,http://www.imdb.com/title/tt1245112/?ref_=fn_tt_tt_1,Spain,budget,gross,foreign_currency
Kick-Ass ,http://www.imdb.com/title/tt1250777/?ref_=fn_tt_tt_1,UK,budget,gross,foreign_currency
Incendies ,http://www.imdb.com/title/tt1255953/?ref_=fn_tt_tt_1,Canada,budget,gross,foreign_currency
The Devil's Double ,http://www.imdb.com/title/tt1270262/?ref_=fn_tt_tt_1,Belgium,budget,gross,foreign_currency
Dead Snow ,http://www.imdb.com/title/tt1278340/?ref_=fn_tt_tt_1,Norway,budget,gross,foreign_currency
Harry Brown ,http://www.imdb.com/title/tt1289406/?ref_=fn_tt_tt_1,UK,budget,gross,foreign_currency
Defendor ,http://www.imdb.com/title/tt1303828/?ref_=fn_tt_tt_1,Canada,budget,gross,foreign_currency
The Secret in Their Eyes ,http://www.imdb.com/title/tt1305806/?ref_=fn_tt_tt_1,Argentina,budget,gross,foreign_currency
There Be Dragons ,http://www.imdb.com/title/tt1316616/?ref_=fn_tt_tt_1,Spain,budget,gross,foreign_currency
The Last Exorcism ,http://www.imdb.com/title/tt1320244/?ref_=fn_tt_tt_1,France,budget,gross,foreign_currency
Never Let Me Go ,http://www.imdb.com/title/tt1334260/?ref_=fn_tt_tt_1,UK,budget,gross,foreign_currency
Tinker Tailor Soldier Spy ,http://www.imdb.com/title/tt1340800/?ref_=fn_tt_tt_1,France,budget,gross,foreign_currency
The Great Gatsby ,http://www.imdb.com/title/tt1343092/?ref_=fn_tt_tt_1,Australia,budget,gross,foreign_currency
Dredd ,http://www.imdb.com/title/tt1343727/?ref_=fn_tt_tt_1,UK,budget,gross,foreign_currency
Cloud Atlas ,http://www.imdb.com/title/tt1371111/?ref_=fn_tt_tt_1,Germany,budget,gross,foreign_currency
Made in Dagenham ,http://www.imdb.com/title/tt1371155/?ref_=fn_tt_tt_1,UK,budget,gross,foreign_currency
The Adventurer: The Curse of the Midas Box ,http://www.imdb.com/title/tt1376213/?ref_=fn_tt_tt_1,UK,budget,gross,foreign_currency
Mad Max: Fury Road ,http://www.imdb.com/title/tt1392190/?ref_=fn_tt_tt_1,Australia,budget,gross,foreign_currency
Taken 2 ,http://www.imdb.com/title/tt1397280/?ref_=fn_tt_tt_1,France,budget,gross,foreign_currency
Unknown ,http://www.imdb.com/title/tt1401152/?ref_=fn_tt_tt_1,UK,budget,gross,foreign_currency
Happy Feet 2 ,http://www.imdb.com/title/tt1402488/?ref_=fn_tt_tt_1,Australia,budget,gross,foreign_currency
The Flowers of War ,http://www.imdb.com/title/tt1410063/?ref_=fn_tt_tt_1,China,budget,gross,foreign_currency
The Best Exotic Marigold Hotel ,http://www.imdb.com/title/tt1412386/?ref_=fn_tt_tt_1,UK,budget,gross,foreign_currency
Nanny McPhee Returns ,http://www.imdb.com/title/tt1415283/?ref_=fn_tt_tt_1,UK,budget,gross,foreign_currency
I Frankenstein,http://www.imdb.com/title/tt1418377/?ref_=fn_tt_tt_1,Australia,budget,gross,foreign_currency
Hansel & Gretel: Witch Hunters ,http://www.imdb.com/title/tt1428538/?ref_=fn_tt_tt_1,Germany,budget,gross,foreign_currency
Arthur Christmas ,http://www.imdb.com/title/tt1430607/?ref_=fn_tt_tt_1,UK,budget,gross,foreign_currency
Brick Mansions ,http://www.imdb.com/title/tt1430612/?ref_=fn_tt_tt_1,France,budget,gross,foreign_currency
The Pirates! Band of Misfits ,http://www.imdb.com/title/tt1430626/?ref_=fn_tt_tt_1,UK,budget,gross,foreign_currency
Another Year ,http://www.imdb.com/title/tt1431181/?ref_=fn_tt_tt_1,UK,budget,gross,foreign_currency
Little White Lies ,http://www.imdb.com/title/tt1440232/?ref_=fn_tt_tt_1,France,budget,gross,foreign_currency
Quartet ,http://www.imdb.com/title/tt1441951/?ref_=fn_tt_tt_1,UK,budget,gross,foreign_currency
Killer Elite ,http://www.imdb.com/title/tt1448755/?ref_=fn_tt_tt_1,UK,budget,gross,foreign_currency
Gravity ,http://www.imdb.com/title/tt1454468/?ref_=fn_tt_tt_1,UK,budget,gross,foreign_currency
Buried ,http://www.imdb.com/title/tt1462758/?ref_=fn_tt_tt_1,Spain,budget,gross,foreign_currency
The Grandmaster ,http://www.imdb.com/title/tt1462900/?ref_=fn_tt_tt_1,Hong Kong,budget,gross,foreign_currency
Monsters ,http://www.imdb.com/title/tt1470827/?ref_=fn_tt_tt_1,UK,budget,gross,foreign_currency
Saw 3D: The Final Chapter ,http://www.imdb.com/title/tt1477076/?ref_=fn_tt_tt_1,Canada,budget,gross,foreign_currency
Attack the Block ,http://www.imdb.com/title/tt1478964/?ref_=fn_tt_tt_1,UK,budget,gross,foreign_currency
5 Days of War ,http://www.imdb.com/title/tt1486193/?ref_=fn_tt_tt_1,Georgia,budget,gross,foreign_currency
The Lego Movie ,http://www.imdb.com/title/tt1490017/?ref_=fn_tt_tt_1,Australia,budget,gross,foreign_currency
The King's Speech ,http://www.imdb.com/title/tt1504320/?ref_=fn_tt_tt_1,UK,budget,gross,foreign_currency
Haywire ,http://www.imdb.com/title/tt1506999/?ref_=fn_tt_tt_1,Ireland,budget,gross,foreign_currency
Le Havre ,http://www.imdb.com/title/tt1508675/?ref_=fn_tt_tt_1,Finland,budget,gross,foreign_currency
The Three Musketeers ,http://www.imdb.com/title/tt1509767/?ref_=fn_tt_tt_1,Germany,budget,gross,foreign_currency
Anonymous ,http://www.imdb.com/title/tt1521197/?ref_=fn_tt_tt_1,UK,budget,gross,foreign_currency
Melancholia ,http://www.imdb.com/title/tt1527186/?ref_=fn_tt_tt_1,Denmark,budget,gross,foreign_currency
Exodus: Gods and Kings ,http://www.imdb.com/title/tt1528100/?ref_=fn_tt_tt_1,UK,budget,gross,foreign_currency
Beyond the Black Rainbow ,http://www.imdb.com/title/tt1534085/?ref_=fn_tt_tt_1,Canada,budget,gross,foreign_currency
The Divide ,http://www.imdb.com/title/tt1535616/?ref_=fn_tt_tt_1,Germany,budget,gross,foreign_currency
The Guard ,http://www.imdb.com/title/tt1540133/?ref_=fn_tt_tt_1,Ireland,budget,gross,foreign_currency
For Greater Glory: The True Story of Cristiada ,http://www.imdb.com/title/tt1566501/?ref_=fn_tt_tt_1,Mexico,budget,gross,foreign_currency
A Dangerous Method ,http://www.imdb.com/title/tt1571222/?ref_=fn_tt_tt_1,UK,budget,gross,foreign_currency
House at the End of the Street ,http://www.imdb.com/title/tt1582507/?ref_=fn_tt_tt_1,Canada,budget,gross,foreign_currency
The Last Godfather ,http://www.imdb.com/title/tt1584131/?ref_=fn_tt_tt_1,South Korea,budget,gross,foreign_currency
Of Gods and Men ,http://www.imdb.com/title/tt1588337/?ref_=fn_tt_tt_1,France,budget,gross,foreign_currency
Lockout ,http://www.imdb.com/title/tt1592525/?ref_=fn_tt_tt_1,France,budget,gross,foreign_currency
The Woman in Black ,http://www.imdb.com/title/tt1596365/?ref_=fn_tt_tt_1,UK,budget,gross,foreign_currency
Albert Nobbs ,http://www.imdb.com/title/tt1602098/?ref_=fn_tt_tt_1,UK,budget,gross,foreign_currency
Only God Forgives ,http://www.imdb.com/title/tt1602613/?ref_=fn_tt_tt_1,Denmark,budget,gross,foreign_currency
Amour ,http://www.imdb.com/title/tt1602620/?ref_=fn_tt_tt_1,France,budget,gross,foreign_currency
Midnight in Paris ,http://www.imdb.com/title/tt1605783/?ref_=fn_tt_tt_1,Spain,budget,gross,foreign_currency
Rubber ,http://www.imdb.com/title/tt1612774/?ref_=fn_tt_tt_1,France,budget,gross,foreign_currency
Headhunters ,http://www.imdb.com/title/tt1614989/?ref_=fn_tt_tt_1,Norway,budget,gross,foreign_currency
30 Minutes or Less ,http://www.imdb.com/title/tt1622547/?ref_=fn_tt_tt_1,Germany,budget,gross,foreign_currency
Hobo with a Shotgun ,http://www.imdb.com/title/tt1640459/?ref_=fn_tt_tt_1,Canada,budget,gross,foreign_currency
Skin Trade ,http://www.imdb.com/title/tt1641841/?ref_=fn_tt_tt_1,Thailand,budget,gross,foreign_currency
The Names of Love ,http://www.imdb.com/title/tt1646974/?ref_=fn_tt_tt_1,France,budget,gross,foreign_currency
The Impossible ,http://www.imdb.com/title/tt1649419/?ref_=fn_tt_tt_1,Spain,budget,gross,foreign_currency
My Week with Marilyn ,http://www.imdb.com/title/tt1655420/?ref_=fn_tt_tt_1,UK,budget,gross,foreign_currency
The Artist ,http://www.imdb.com/title/tt1655442/?ref_=fn_tt_tt_1,France,budget,gross,foreign_currency
Colombiana ,http://www.imdb.com/title/tt1657507/?ref_=fn_tt_tt_1,France,budget,gross,foreign_currency
Sarah's Key ,http://www.imdb.com/title/tt1668200/?ref_=fn_tt_tt_1,France,budget,gross,foreign_currency
Stoker ,http://www.imdb.com/title/tt1682180/?ref_=fn_tt_tt_1,UK,budget,gross,foreign_currency
Snowpiercer ,http://www.imdb.com/title/tt1706620/?ref_=fn_tt_tt_1,South Korea,budget,gross,foreign_currency
The Last Days on Mars ,http://www.imdb.com/title/tt1709143/?ref_=fn_tt_tt_1,UK,budget,gross,foreign_currency
Weekend ,http://www.imdb.com/title/tt1714210/?ref_=fn_tt_tt_1,UK,budget,gross,foreign_currency
Shame ,http://www.imdb.com/title/tt1723811/?ref_=fn_tt_tt_1,UK,budget,gross,foreign_currency
Before I Go to Sleep ,http://www.imdb.com/title/tt1726592/?ref_=fn_tt_tt_1,UK,budget,gross,foreign_currency
Trollhunter ,http://www.imdb.com/title/tt1740707/?ref_=fn_tt_tt_1,Norway,budget,gross,foreign_currency
Blood Ties ,http://www.imdb.com/title/tt1747958/?ref_=fn_tt_tt_1,France,budget,gross,foreign_currency
The Little Prince ,http://www.imdb.com/title/tt1754656/?ref_=fn_tt_tt_1,France,budget,gross,foreign_currency
Silent House ,http://www.imdb.com/title/tt1767382/?ref_=fn_tt_tt_1,France,budget,gross,foreign_currency
1911 ,http://www.imdb.com/title/tt1772230/?ref_=fn_tt_tt_1,China,budget,gross,foreign_currency
Kill List ,http://www.imdb.com/title/tt1788391/?ref_=fn_tt_tt_1,UK,budget,gross,foreign_currency
Ernest & Celestine ,http://www.imdb.com/title/tt1816518/?ref_=fn_tt_tt_1,France,budget,gross,foreign_currency
The Nut Job ,http://www.imdb.com/title/tt1821658/?ref_=fn_tt_tt_1,Canada,budget,gross,foreign_currency
A Separation ,http://www.imdb.com/title/tt1832382/?ref_=fn_tt_tt_1,Iran,budget,gross,foreign_currency
Resident Evil: Retribution ,http://www.imdb.com/title/tt1855325/?ref_=fn_tt_tt_1,Germany,budget,gross,foreign_currency
The East ,http://www.imdb.com/title/tt1869716/?ref_=fn_tt_tt_1,UK,budget,gross,foreign_currency
The Raid: Redemption ,http://www.imdb.com/title/tt1899353/?ref_=fn_tt_tt_1,Indonesia,budget,gross,foreign_currency
Pompeii ,http://www.imdb.com/title/tt1921064/?ref_=fn_tt_tt_1,Canada,budget,gross,foreign_currency
The Best Offer ,http://www.imdb.com/title/tt1924396/?ref_=fn_tt_tt_1,Italy,budget,gross,foreign_currency
Trance ,http://www.imdb.com/title/tt1924429/?ref_=fn_tt_tt_1,UK,budget,gross,foreign_currency
Seven Psychopaths ,http://www.imdb.com/title/tt1931533/?ref_=fn_tt_tt_1,UK,budget,gross,foreign_currency
A Most Wanted Man ,http://www.imdb.com/title/tt1972571/?ref_=fn_tt_tt_1,UK,budget,gross,foreign_currency
The Neon Demon ,http://www.imdb.com/title/tt1974419/?ref_=fn_tt_tt_1,France,budget,gross,foreign_currency
Rush ,http://www.imdb.com/title/tt1979320/?ref_=fn_tt_tt_1,UK,budget,gross,foreign_currency
The Young and Prodigious T.S. Spivet ,http://www.imdb.com/title/tt1981107/?ref_=fn_tt_tt_1,France,budget,gross,foreign_currency
Machete Kills ,http://www.imdb.com/title/tt2002718/?ref_=fn_tt_tt_1,Russia,budget,gross,foreign_currency
The 33 ,http://www.imdb.com/title/tt2006295/?ref_=fn_tt_tt_1,Chile,budget,gross,foreign_currency
Mama ,http://www.imdb.com/title/tt2023587/?ref_=fn_tt_tt_1,Canada,budget,gross,foreign_currency
Non-Stop ,http://www.imdb.com/title/tt2024469/?ref_=fn_tt_tt_1,UK,budget,gross,foreign_currency
The Last Exorcism Part II ,http://www.imdb.com/title/tt2034139/?ref_=fn_tt_tt_1,France,budget,gross,foreign_currency
The Railway Man ,http://www.imdb.com/title/tt2058107/?ref_=fn_tt_tt_1,Australia,budget,gross,foreign_currency
Steve Jobs ,http://www.imdb.com/title/tt2080374/?ref_=fn_tt_tt_1,UK,budget,gross,foreign_currency
The Imitation Game ,http://www.imdb.com/title/tt2084970/?ref_=fn_tt_tt_1,UK,budget,gross,foreign_currency
Maniac ,http://www.imdb.com/title/tt2103217/?ref_=fn_tt_tt_1,France,budget,gross,foreign_currency
Adore ,http://www.imdb.com/title/tt2103267/?ref_=fn_tt_tt_1,Australia,budget,gross,foreign_currency
The Hunt ,http://www.imdb.com/title/tt2106476/?ref_=fn_tt_tt_1,Denmark,budget,gross,foreign_currency
Jab Tak Hai Jaan ,http://www.imdb.com/title/tt2176013/?ref_=fn_tt_tt_1,India,budget,gross,foreign_currency
About Time ,http://www.imdb.com/title/tt2194499/?ref_=fn_tt_tt_1,UK,budget,gross,foreign_currency
Futuro Beach ,http://www.imdb.com/title/tt2199543/?ref_=fn_tt_tt_1,Brazil,budget,gross,foreign_currency
Transcendence ,http://www.imdb.com/title/tt2209764/?ref_=fn_tt_tt_1,UK,budget,gross,foreign_currency
Mandela: Long Walk to Freedom ,http://www.imdb.com/title/tt2304771/?ref_=fn_tt_tt_1,UK,budget,gross,foreign_currency
The Hobbit: The Battle of the Five Armies ,http://www.imdb.com/title/tt2310332/?ref_=fn_tt_tt_1,New Zealand,budget,gross,foreign_currency
The Lunchbox ,http://www.imdb.com/title/tt2350496/?ref_=fn_tt_tt_1,India,budget,gross,foreign_currency
The Great Beauty ,http://www.imdb.com/title/tt2358891/?ref_=fn_tt_tt_1,Italy,budget,gross,foreign_currency
Antarctica: A Year on Ice ,http://www.imdb.com/title/tt2361700/?ref_=fn_tt_tt_1,New Zealand,budget,gross,foreign_currency
The Act of Killing ,http://www.imdb.com/title/tt2375605/?ref_=fn_tt_tt_1,UK,budget,gross,foreign_currency
Instructions Not Included ,http://www.imdb.com/title/tt2378281/?ref_=fn_tt_tt_1,Mexico,budget,gross,foreign_currency
Spectre ,http://www.imdb.com/title/tt2379713/?ref_=fn_tt_tt_1,UK,budget,gross,foreign_currency
Brooklyn ,http://www.imdb.com/title/tt2381111/?ref_=fn_tt_tt_1,UK,budget,gross,foreign_currency
Mission: Impossible - Rogue Nation ,http://www.imdb.com/title/tt2381249/?ref_=fn_tt_tt_1,China,budget,gross,foreign_currency
Desert Dancer ,http://www.imdb.com/title/tt2403393/?ref_=fn_tt_tt_1,UK,budget,gross,foreign_currency
Woman in Gold ,http://www.imdb.com/title/tt2404425/?ref_=fn_tt_tt_1,UK,budget,gross,foreign_currency
Philomena ,http://www.imdb.com/title/tt2431286/?ref_=fn_tt_tt_1,UK,budget,gross,foreign_currency
Taken 3 ,http://www.imdb.com/title/tt2446042/?ref_=fn_tt_tt_1,France,budget,gross,foreign_currency
Mr. Turner ,http://www.imdb.com/title/tt2473794/?ref_=fn_tt_tt_1,UK,budget,gross,foreign_currency
The Second Best Exotic Marigold Hotel ,http://www.imdb.com/title/tt2555736/?ref_=fn_tt_tt_1,UK,budget,gross,foreign_currency
Midnight Special ,http://www.imdb.com/title/tt2649554/?ref_=fn_tt_tt_1,Greece,budget,gross,foreign_currency
Me Before You ,http://www.imdb.com/title/tt2674426/?ref_=fn_tt_tt_1,UK,budget,gross,foreign_currency
The Secret Life of Pets ,http://www.imdb.com/title/tt2709768/?ref_=fn_tt_tt_1,Japan,budget,gross,foreign_currency
Everest ,http://www.imdb.com/title/tt2719848/?ref_=fn_tt_tt_1,UK,budget,gross,foreign_currency
Lucy ,http://www.imdb.com/title/tt2872732/?ref_=fn_tt_tt_1,France,budget,gross,foreign_currency
Ip Man 3 ,http://www.imdb.com/title/tt2888046/?ref_=fn_tt_tt_1,Hong Kong,budget,gross,foreign_currency
R100 ,http://www.imdb.com/title/tt2914838/?ref_=fn_tt_tt_1,Japan,budget,gross,foreign_currency
The Transporter Refueled ,http://www.imdb.com/title/tt2938956/?ref_=fn_tt_tt_1,France,budget,gross,foreign_currency
The Theory of Everything ,http://www.imdb.com/title/tt2980516/?ref_=fn_tt_tt_1,UK,budget,gross,foreign_currency
The Water Diviner ,http://www.imdb.com/title/tt3007512/?ref_=fn_tt_tt_1,Australia,budget,gross,foreign_currency
Criminal ,http://www.imdb.com/title/tt3014866/?ref_=fn_tt_tt_1,UK,budget,gross,foreign_currency
The Jungle Book ,http://www.imdb.com/title/tt3040964/?ref_=fn_tt_tt_1,UK,budget,gross,foreign_currency
Mortdecai ,http://www.imdb.com/title/tt3045616/?ref_=fn_tt_tt_1,UK,budget,gross,foreign_currency
Trainwreck ,http://www.imdb.com/title/tt3152624/?ref_=fn_tt_tt_1,Japan,budget,gross,foreign_currency
Room ,http://www.imdb.com/title/tt3170832/?ref_=fn_tt_tt_1,Ireland,budget,gross,foreign_currency
Insidious: Chapter 3 ,http://www.imdb.com/title/tt3195644/?ref_=fn_tt_tt_1,Canada,budget,gross,foreign_currency
London Has Fallen ,http://www.imdb.com/title/tt3300542/?ref_=fn_tt_tt_1,UK,budget,gross,foreign_currency
Concussion ,http://www.imdb.com/title/tt3322364/?ref_=fn_tt_tt_1,UK,budget,gross,foreign_currency
The Assassin ,http://www.imdb.com/title/tt3508840/?ref_=fn_tt_tt_1,Taiwan,budget,gross,foreign_currency
Legend ,http://www.imdb.com/title/tt3569230/?ref_=fn_tt_tt_1,UK,budget,gross,foreign_currency
Dragon Blade ,http://www.imdb.com/title/tt3672840/?ref_=fn_tt_tt_1,China,budget,gross,foreign_currency
The BFG ,http://www.imdb.com/title/tt3691740/?ref_=fn_tt_tt_1,UK,budget,gross,foreign_currency
The Second Mother ,http://www.imdb.com/title/tt3742378/?ref_=fn_tt_tt_1,Brazil,budget,gross,foreign_currency
We Are Your Friends ,http://www.imdb.com/title/tt3787590/?ref_=fn_tt_tt_1,UK,budget,gross,foreign_currency
The Purge: Election Year ,http://www.imdb.com/title/tt4094724/?ref_=fn_tt_tt_1,France,budget,gross,foreign_currency
Jason Bourne ,http://www.imdb.com/title/tt4196776/?ref_=fn_tt_tt_1,UK,budget,gross,foreign_currency
